source_entry_id,normalized_text,reason
cet2016-p021-r03-c1,abbreviation,cet6_head_row
cet2016-p021-r04-c1,abide,cet6_head_row
cet2016-p021-r06-c1,abnormal,cet6_head_row
cet2016-p021-r09-c1,abort,cet6_head_row
cet2016-p021-r09-c2,abortion,cet6_head_row
cet2016-p021-r12-c1,abreast,cet6_head_row
cet2016-p021-r14-c1,abrupt,cet6_head_row
cet2016-p021-r19-c1,absurd,cet6_head_row
cet2016-p021-r19-c2,absurdity,cet6_head_row
cet2016-p021-r27-c1,accessory,cet6_head_row
cet2016-p021-r29-c1,acclaim,cet6_head_row
cet2016-p022-r11-c1,activate,cet6_head_row
cet2016-p022-r15-c1,acupuncture,cet6_head_row
cet2016-p022-r22-c1,adhere,cet6_head_row
cet2016-p022-r22-c2,adherence,cet6_head_row
cet2016-p022-r23-c1,adjacent,cet6_head_row
cet2016-p022-r29-c1,adolescent,cet6_head_row
cet2016-p022-r29-c2,adolescence,cet6_head_row
cet2016-p022-r31-c1,adore,cet6_head_row
cet2016-p022-r31-c2,adorable,cet6_head_row
cet2016-p022-r35-c1,advent,cet6_head_row
cet2016-p022-r38-c1,adversary,cet6_head_row
cet2016-p022-r39-c1,adverse,cet6_head_row
cet2016-p022-r39-c2,adversity,cet6_head_row
cet2016-p023-r03-c1,aesthetic,cet6_head_row
cet2016-p023-r03-c2,aesthetics,cet6_head_row
cet2016-p023-r07-c1,affiliate,cet6_head_row
cet2016-p023-r07-c2,affiliation,cet6_head_row
cet2016-p023-r08-c1,affirm,cet6_head_row
cet2016-p023-r08-c2,affirmation,cet6_head_row
cet2016-p023-r08-c3,affirmative,cet6_head_row
cet2016-p023-r09-c1,affix,cet6_head_row
cet2016-p023-r09-c2,affixation,cet6_head_row
cet2016-p023-r12-c1,afloat,cet6_head_row
cet2016-p023-r15-c1,aftermath,cet6_head_row
cet2016-p023-r23-c1,aggravate,cet6_head_row
cet2016-p023-r23-c2,aggravation,cet6_head_row
cet2016-p023-r24-c1,aggregate,cet6_head_row
cet2016-p023-r26-c1,agitate,cet6_head_row
cet2016-p023-r26-c2,agitation,cet6_head_row
cet2016-p023-r28-c1,agony,cet6_head_row
cet2016-p023-r33-c1,aide,cet6_head_row
cet2016-p023-r35-c1,ail,cet6_head_row
cet2016-p023-r35-c2,ailment,cet6_head_row
cet2016-p023-r38-c1,airborne,cet6_head_row
cet2016-p024-r03-c1,akin,cet6_head_row
cet2016-p024-r07-c1,ale,cet6_head_row
cet2016-p024-r10-c1,alien,cet6_head_row
cet2016-p024-r10-c2,alienate,cet6_head_row
cet2016-p024-r10-c3,alienation,cet6_head_row
cet2016-p024-r11-c1,align,cet6_head_row
cet2016-p024-r11-c2,alignment,cet6_head_row
cet2016-p024-r16-c1,allergic,cet6_head_row
cet2016-p024-r16-c2,allergy,cet6_head_row
cet2016-p024-r17-c1,alleviate,cet6_head_row
cet2016-p024-r17-c2,alleviation,cet6_head_row
cet2016-p024-r19-c1,allocate,cet6_head_row
cet2016-p024-r19-c2,allocation,cet6_head_row
cet2016-p024-r20-c1,allot,cet6_head_row
cet2016-p024-r20-c2,allotment,cet6_head_row
cet2016-p024-r23-c1,alloy,cet6_head_row
cet2016-p024-r24-c1,allude,cet6_head_row
cet2016-p024-r24-c2,allusion,cet6_head_row
cet2016-p024-r25-c1,allure,cet6_head_row
cet2016-p024-r25-c2,allurement,cet6_head_row
cet2016-p024-r27-c1,almighty,cet6_head_row
cet2016-p024-r29-c1,aloft,cet6_head_row
cet2016-p024-r38-c1,alternate,cet6_head_row
cet2016-p024-r38-c2,alternation,cet6_head_row
cet2016-p024-r38-c3,alternately,cet6_head_row
cet2016-p025-r04-c1,amass,cet6_head_row
cet2016-p025-r08-c1,ambiguous,cet6_head_row
cet2016-p025-r08-c2,ambiguity,cet6_head_row
cet2016-p025-r11-c1,amend,cet6_head_row
cet2016-p025-r11-c2,amendment,cet6_head_row
cet2016-p025-r12-c1,amiable,cet6_head_row
cet2016-p025-r14-c1,ammunition,cet6_head_row
cet2016-p025-r18-c1,amplify,cet6_head_row
cet2016-p025-r18-c2,amplification,cet6_head_row
cet2016-p025-r20-c1,analogue,cet6_head_row
cet2016-p025-r20-c2,analogous,cet6_head_row
cet2016-p025-r21-c1,analogy,cet6_head_row
cet2016-p025-r27-c1,anecdote,cet6_head_row
cet2016-p025-r27-c2,anecdotal,cet6_head_row
cet2016-p025-r32-c1,anguish,cet6_head_row
cet2016-p025-r34-c1,animate,cet6_head_row
cet2016-p025-r34-c2,animated,cet6_head_row
cet2016-p025-r34-c3,animation,cet6_head_row
cet2016-p025-r36-c1,annex,cet6_head_row
cet2016-p025-r36-c2,annexation,cet6_head_row
cet2016-p025-r41-c1,anonymous,cet6_head_row
cet2016-p025-r41-c2,anonymity,cet6_head_row
cet2016-p026-r03-c1,antagonism,cet6_head_row
cet2016-p026-r03-c2,antagonist,cet6_head_row
cet2016-p026-r03-c3,antagonistic,cet6_head_row
cet2016-p026-r03-c4,antagonistically,cet6_head_row
cet2016-p026-r04-c1,antenna,cet6_head_row
cet2016-p026-r05-c1,antibiotic,cet6_head_row
cet2016-p026-r08-c1,antonym,cet6_head_row
cet2016-p026-r18-c1,ape,cet6_head_row
cet2016-p026-r21-c1,appal(l),cet6_head_row
cet2016-p026-r21-c2,appalling,cet6_head_row
cet2016-p026-r26-c1,appease,cet6_head_row
cet2016-p026-r26-c2,appeasement,cet6_head_row
cet2016-p026-r27-c1,appendix,cet6_head_row
cet2016-p026-r34-c1,appraise,cet6_head_row
cet2016-p026-r34-c2,appraisal,cet6_head_row
cet2016-p026-r36-c1,apprentice,cet6_head_row
cet2016-p026-r39-c1,appropriate,cet6_head_row
cet2016-p026-r39-c2,appropriation,cet6_head_row
cet2016-p027-r01-c1,apron,cet6_head_row
cet2016-p027-r02-c1,apt,cet6_head_row
cet2016-p027-r02-c2,aptly,cet6_head_row
cet2016-p027-r05-c1,arbitrate,cet6_head_row
cet2016-p027-r05-c2,arbitration,cet6_head_row
cet2016-p027-r06-c1,arc,cet6_head_row
cet2016-p027-r07-c1,arch,cet6_head_row
cet2016-p027-r10-c1,archive,cet6_head_row
cet2016-p027-r11-c1,ardent,cet6_head_row
cet2016-p027-r13-c1,arena,cet6_head_row
cet2016-p027-r16-c1,aristocrat,cet6_head_row
cet2016-p027-r16-c2,aristocratic,cet6_head_row
cet2016-p027-r16-c3,aristocracy,cet6_head_row
cet2016-p027-r19-c1,armo(u)r,cet6_head_row
cet2016-p027-r24-c1,array,cet6_head_row
cet2016-p027-r27-c1,arrogant,cet6_head_row
cet2016-p027-r27-c2,arrogance,cet6_head_row
cet2016-p027-r30-c1,artery,cet6_head_row
cet2016-p027-r32-c1,articulate,cet6_head_row
cet2016-p027-r32-c2,articulation,cet6_head_row
cet2016-p027-r33-c1,artifact,cet6_head_row
cet2016-p027-r35-c1,artillery,cet6_head_row
cet2016-p027-r37-c1,ascend,cet6_head_row
cet2016-p027-r37-c2,ascendance,cet6_head_row
cet2016-p027-r38-c1,ascertain,cet6_head_row
cet2016-p027-r39-c1,ascribe,cet6_head_row
cet2016-p028-r05-c1,aspire,cet6_head_row
cet2016-p028-r05-c2,aspiration,cet6_head_row
cet2016-p028-r07-c1,assassinate,cet6_head_row
cet2016-p028-r07-c2,assassination,cet6_head_row
cet2016-p028-r07-c3,assassin,cet6_head_row
cet2016-p028-r08-c1,assault,cet6_head_row
cet2016-p028-r10-c1,assert,cet6_head_row
cet2016-p028-r10-c2,assertion,cet6_head_row
cet2016-p028-r10-c3,assertive,cet6_head_row
cet2016-p028-r14-c1,assimilate,cet6_head_row
cet2016-p028-r14-c2,assimilation,cet6_head_row
cet2016-p028-r17-c1,assorted,cet6_head_row
cet2016-p028-r18-c1,assortment,cet6_head_row
cet2016-p028-r22-c1,astray,cet6_head_row
cet2016-p028-r25-c1,asylum,cet6_head_row
cet2016-p028-r28-c1,atlas,cet6_head_row
cet2016-p028-r32-c1,atrocity,cet6_head_row
cet2016-p028-r32-c2,atrocious,cet6_head_row
cet2016-p029-r02-c1,auction,cet6_head_row
cet2016-p029-r02-c2,auctioneer,cet6_head_row
cet2016-p029-r05-c1,audit,cet6_head_row
cet2016-p029-r05-c2,auditing,cet6_head_row
cet2016-p029-r05-c3,auditor,cet6_head_row
cet2016-p029-r07-c1,augment,cet6_head_row
cet2016-p029-r07-c2,augmentation,cet6_head_row
cet2016-p029-r15-c1,autobiography,cet6_head_row
cet2016-p029-r15-c2,autobiographic(al),cet6_head_row
cet2016-p029-r17-c1,autonomous,cet6_head_row
cet2016-p029-r17-c2,autonomy,cet6_head_row
cet2016-p029-r19-c1,auxiliary,cet6_head_row
cet2016-p029-r20-c1,avail,cet6_head_row
cet2016-p029-r22-c1,avenge,cet6_head_row
cet2016-p029-r25-c1,avert,cet6_head_row
cet2016-p029-r25-c2,aversion,cet6_head_row
cet2016-p030-r11-c1,baffle,cet6_head_row
cet2016-p030-r19-c1,bald,cet6_head_row
cet2016-p030-r41-c1,barge,cet6_head_row
cet2016-p031-r01-c1,barn,cet6_head_row
cet2016-p031-r02-c1,barometer,cet6_head_row
cet2016-p031-r03-c1,barracks,cet6_head_row
cet2016-p031-r05-c1,barren,cet6_head_row
cet2016-p031-r15-c1,bass,cet6_head_row
cet2016-p031-r22-c1,batter,cet6_head_row
cet2016-p031-r28-c1,bead,cet6_head_row
cet2016-p031-r29-c1,beak,cet6_head_row
cet2016-p031-r39-c1,beckon,cet6_head_row
cet2016-p032-r03-c1,beetle,cet6_head_row
cet2016-p032-r24-c1,benevolent,cet6_head_row
cet2016-p032-r24-c2,benevolence,cet6_head_row
cet2016-p032-r25-c1,benign,cet6_head_row
cet2016-p032-r27-c1,beset,cet6_head_row
cet2016-p032-r30-c1,besiege,cet6_head_row
cet2016-p032-r38-c1,beware,cet6_head_row
cet2016-p032-r39-c1,bewilder,cet6_head_row
cet2016-p032-r39-c2,bewilderment,cet6_head_row
cet2016-p033-r01-c1,bibliography,cet6_head_row
cet2016-p033-r05-c1,bilateral,cet6_head_row
cet2016-p033-r10-c1,binoculars,cet6_head_row
cet2016-p033-r19-c1,bishop,cet6_head_row
cet2016-p033-r24-c1,bizarre,cet6_head_row
cet2016-p033-r27-c1,blackmail,cet6_head_row
cet2016-p033-r33-c1,blaze,cet6_head_row
cet2016-p033-r34-c1,bleach,cet6_head_row
cet2016-p033-r35-c1,bleak,cet6_head_row
cet2016-p033-r40-c1,blink,cet6_head_row
cet2016-p033-r41-c1,bloc,cet6_head_row
cet2016-p034-r10-c1,bluff,cet6_head_row
cet2016-p034-r11-c1,blunder,cet6_head_row
cet2016-p034-r12-c1,blunt,cet6_head_row
cet2016-p034-r14-c1,blush,cet6_head_row
cet2016-p034-r21-c1,bolster,cet6_head_row
cet2016-p034-r38-c1,botany,cet6_head_row
cet2016-p034-r38-c2,botanical,cet6_head_row
cet2016-p035-r06-c1,bouquet,cet6_head_row
cet2016-p035-r07-c1,bout,cet6_head_row
cet2016-p035-r16-c1,boycott,cet6_head_row
cet2016-p035-r17-c1,brace,cet6_head_row
cet2016-p035-r28-c1,breach,cet6_head_row
cet2016-p035-r39-c1,brew,cet6_head_row
cet2016-p035-r39-c2,brewery,cet6_head_row
cet2016-p036-r05-c1,brigade,cet6_head_row
cet2016-p036-r09-c1,brink,cet6_head_row
cet2016-p036-r10-c1,brisk,cet6_head_row
cet2016-p036-r16-c1,bronze,cet6_head_row
cet2016-p036-r17-c1,brood,cet6_head_row
cet2016-p036-r23-c1,bruise,cet6_head_row
cet2016-p036-r33-c1,Buddhism,cet6_head_row
cet2016-p036-r33-c2,Buddhist,cet6_head_row
cet2016-p036-r35-c1,buffalo,cet6_head_row
cet2016-p036-r36-c1,buffer,cet6_head_row
cet2016-p037-r10-c1,bureaucrat,cet6_head_row
cet2016-p037-r10-c2,bureaucratic,cet6_head_row
cet2016-p037-r10-c3,bureaucracy,cet6_head_row
cet2016-p037-r11-c1,burglar,cet6_head_row
cet2016-p037-r11-c2,burglary,cet6_head_row
cet2016-p037-r19-c1,bust,cet6_head_row
cet2016-p037-r23-c1,butt,cet6_head_row
cet2016-p037-r28-c1,buzz,cet6_head_row
cet2016-p037-r41-c1,calcium,cet6_head_row
cet2016-p038-r21-c1,cannon,cet6_head_row
cet2016-p038-r22-c1,canoe,cet6_head_row
cet2016-p038-r24-c1,canvas,cet6_head_row
cet2016-p038-r28-c1,cape,cet6_head_row
cet2016-p038-r30-c1,capsule,cet6_head_row
cet2016-p038-r32-c1,caption,cet6_head_row
cet2016-p038-r33-c1,captive,cet6_head_row
cet2016-p038-r36-c1,caravan,cet6_head_row
cet2016-p038-r37-c1,carbohydrate,cet6_head_row
cet2016-p038-r41-c1,cardinal,cet6_head_row
cet2016-p039-r10-c1,carton,cet6_head_row
cet2016-p039-r12-c1,carve,cet6_head_row
cet2016-p039-r12-c2,carving,cet6_head_row
cet2016-p039-r16-c1,casino,cet6_head_row
cet2016-p039-r20-c1,casualty,cet6_head_row
cet2016-p039-r23-c1,catastrophe,cet6_head_row
cet2016-p039-r23-c2,catastrophic,cet6_head_row
cet2016-p039-r27-c1,cathedral,cet6_head_row
cet2016-p039-r28-c1,Catholic,cet6_head_row
cet2016-p039-r30-c1,cauliflower,cet6_head_row
cet2016-p039-r34-c1,cavity,cet6_head_row
cet2016-p039-r38-c1,celebrity,cet6_head_row
cet2016-p040-r02-c1,cemetery,cet6_head_row
cet2016-p040-r03-c1,censor,cet6_head_row
cet2016-p040-r03-c2,censorship,cet6_head_row
cet2016-p040-r04-c1,census,cet6_head_row
cet2016-p040-r10-c1,ceramic,cet6_head_row
cet2016-p040-r15-c1,certify,cet6_head_row
cet2016-p040-r15-c2,certification,cet6_head_row
cet2016-p040-r21-c1,chamber,cet6_head_row
cet2016-p040-r25-c1,chancellor,cet6_head_row
cet2016-p040-r28-c1,chant,cet6_head_row
cet2016-p040-r30-c1,chapel,cet6_head_row
cet2016-p041-r21-c1,choir,cet6_head_row
cet2016-p041-r27-c1,chord,cet6_head_row
cet2016-p041-r31-c1,chronic,cet6_head_row
cet2016-p041-r31-c2,chronically,cet6_head_row
cet2016-p041-r32-c1,chronicle,cet6_head_row
cet2016-p041-r33-c1,chunk,cet6_head_row
cet2016-p042-r04-c1,civic,cet6_head_row
cet2016-p042-r08-c1,clamp,cet6_head_row
cet2016-p042-r09-c1,clan,cet6_head_row
cet2016-p042-r13-c1,clasp,cet6_head_row
cet2016-p042-r23-c1,cleanse,cet6_head_row
cet2016-p042-r25-c1,clearance,cet6_head_row
cet2016-p042-r27-c1,clearing,cet6_head_row
cet2016-p042-r28-c1,clench,cet6_head_row
cet2016-p042-r29-c1,clergy,cet6_head_row
cet2016-p042-r32-c1,cliché,cet6_head_row
cet2016-p042-r42-c1,cloak,cet6_head_row
cet2016-p043-r03-c1,clog,cet6_head_row
cet2016-p043-r06-c1,closet,cet6_head_row
cet2016-p043-r15-c1,cluster,cet6_head_row
cet2016-p043-r16-c1,clutch,cet6_head_row
cet2016-p043-r19-c1,coalition,cet6_head_row
cet2016-p043-r23-c1,cocaine,cet6_head_row
cet2016-p043-r25-c1,cockpit,cet6_head_row
cet2016-p043-r26-c1,cocktail,cet6_head_row
cet2016-p043-r27-c1,coconut,cet6_head_row
cet2016-p043-r29-c1,coexist,cet6_head_row
cet2016-p043-r29-c2,coexistence,cet6_head_row
cet2016-p043-r31-c1,cognitive,cet6_head_row
cet2016-p043-r31-c2,cognition,cet6_head_row
cet2016-p043-r36-c1,coincide,cet6_head_row
cet2016-p043-r36-c2,coincidence,cet6_head_row
cet2016-p044-r03-c1,collide,cet6_head_row
cet2016-p044-r03-c2,collision,cet6_head_row
cet2016-p044-r05-c1,colonel,cet6_head_row
cet2016-p044-r14-c1,comet,cet6_head_row
cet2016-p044-r16-c1,comic,cet6_head_row
cet2016-p044-r19-c1,commemorate,cet6_head_row
cet2016-p044-r19-c2,commemoration,cet6_head_row
cet2016-p044-r21-c1,commend,cet6_head_row
cet2016-p044-r21-c2,commendation,cet6_head_row
cet2016-p044-r30-c1,commonwealth,cet6_head_row
cet2016-p044-r39-c1,compartment,cet6_head_row
cet2016-p044-r41-c1,compassion,cet6_head_row
cet2016-p044-r41-c2,compassionate,cet6_head_row
cet2016-p045-r05-c1,compile,cet6_head_row
cet2016-p045-r05-c2,compilation,cet6_head_row
cet2016-p045-r06-c1,complacent,cet6_head_row
cet2016-p045-r06-c2,complacency,cet6_head_row
cet2016-p045-r08-c1,complement,cet6_head_row
cet2016-p045-r08-c2,complementary,cet6_head_row
cet2016-p045-r11-c1,complexion,cet6_head_row
cet2016-p045-r13-c1,compliment,cet6_head_row
cet2016-p045-r13-c2,complimentary,cet6_head_row
cet2016-p045-r17-c1,composite,cet6_head_row
cet2016-p045-r22-c1,compress,cet6_head_row
cet2016-p045-r22-c2,compression,cet6_head_row
cet2016-p045-r29-c1,concede,cet6_head_row
cet2016-p045-r29-c2,concession,cet6_head_row
cet2016-p045-r30-c1,conceit,cet6_head_row
cet2016-p045-r30-c2,conceited,cet6_head_row
cet2016-p045-r31-c1,conceive,cet6_head_row
cet2016-p045-r31-c2,conception,cet6_head_row
cet2016-p045-r36-c1,concise,cet6_head_row
cet2016-p045-r39-c1,concurrent,cet6_head_row
cet2016-p046-r01-c1,condolence,cet6_head_row
cet2016-p046-r02-c1,conducive,cet6_head_row
cet2016-p046-r04-c1,confederation,cet6_head_row
cet2016-p046-r04-c2,confederate,cet6_head_row
cet2016-p046-r05-c1,confer,cet6_head_row
cet2016-p046-r08-c1,confide,cet6_head_row
cet2016-p046-r10-c1,configuration,cet6_head_row
cet2016-p046-r19-c1,congregate,cet6_head_row
cet2016-p046-r19-c2,congregation,cet6_head_row
cet2016-p046-r23-c1,connotation,cet6_head_row
cet2016-p046-r28-c1,consecutive,cet6_head_row
cet2016-p046-r33-c1,conserve,cet6_head_row
cet2016-p046-r33-c2,conservation,cet6_head_row
cet2016-p046-r39-c1,console,cet6_head_row
cet2016-p046-r39-c2,consolation,cet6_head_row
cet2016-p046-r41-c1,conspicuous,cet6_head_row
cet2016-p046-r42-c1,conspire,cet6_head_row
cet2016-p046-r42-c2,conspiracy,cet6_head_row
cet2016-p047-r02-c1,constituent,cet6_head_row
cet2016-p047-r02-c2,constituency,cet6_head_row
cet2016-p047-r05-c1,constrain,cet6_head_row
cet2016-p047-r05-c2,constraint,cet6_head_row
cet2016-p047-r07-c1,consulate,cet6_head_row
cet2016-p047-r07-c2,consul,cet6_head_row
cet2016-p047-r11-c1,contagious,cet6_head_row
cet2016-p047-r14-c1,contemplate,cet6_head_row
cet2016-p047-r14-c2,contemplation,cet6_head_row
cet2016-p047-r14-c3,contemplative,cet6_head_row
cet2016-p047-r23-c1,contingent,cet6_head_row
cet2016-p047-r31-c1,contrive,cet6_head_row
cet2016-p047-r34-c1,convene,cet6_head_row
cet2016-p047-r37-c1,converge,cet6_head_row
cet2016-p047-r37-c2,convergence,cet6_head_row
cet2016-p047-r39-c1,converse,cet6_head_row
cet2016-p047-r42-c1,convict,cet6_head_row
cet2016-p047-r42-c2,conviction,cet6_head_row
cet2016-p048-r02-c1,convoy,cet6_head_row
cet2016-p048-r13-c1,coral,cet6_head_row
cet2016-p048-r15-c1,cordial,cet6_head_row
cet2016-p048-r15-c2,cordiality,cet6_head_row
cet2016-p048-r17-c1,cork,cet6_head_row
cet2016-p048-r21-c1,corporal,cet6_head_row
cet2016-p048-r24-c1,corpse,cet6_head_row
cet2016-p048-r26-c1,correlate,cet6_head_row
cet2016-p048-r26-c2,correlation,cet6_head_row
cet2016-p048-r26-c3,correlative,cet6_head_row
cet2016-p048-r29-c1,corrode,cet6_head_row
cet2016-p048-r29-c2,corrosion,cet6_head_row
cet2016-p048-r31-c1,cosmetic,cet6_head_row
cet2016-p048-r32-c1,cosmopolitan,cet6_head_row
cet2016-p049-r04-c1,counteract,cet6_head_row
cet2016-p049-r04-c2,counteraction,cet6_head_row
cet2016-p049-r05-c1,counterfeit,cet6_head_row
cet2016-p049-r10-c1,coup (d'état),cet6_head_row
cet2016-p049-r17-c1,courtesy,cet6_head_row
cet2016-p049-r24-c1,cozy/-sy,cet6_head_row
cet2016-p049-r27-c1,crackdown,cet6_head_row
cet2016-p049-r29-c1,cradle,cet6_head_row
cet2016-p049-r31-c1,cram,cet6_head_row
cet2016-p049-r34-c1,crate,cet6_head_row
cet2016-p049-r35-c1,crave,cet6_head_row
cet2016-p049-r41-c1,credential,cet6_head_row
cet2016-p049-r42-c1,credible,cet6_head_row
cet2016-p049-r42-c2,credibility,cet6_head_row
cet2016-p050-r04-c1,cricket,cet6_head_row
cet2016-p050-r06-c1,cripple,cet6_head_row
cet2016-p050-r08-c1,crisp,cet6_head_row
cet2016-p050-r14-c1,crouch,cet6_head_row
cet2016-p050-r15-c1,crow,cet6_head_row
cet2016-p050-r19-c1,crude,cet6_head_row
cet2016-p050-r22-c1,crumble,cet6_head_row
cet2016-p050-r23-c1,crunch,cet6_head_row
cet2016-p050-r25-c1,crust,cet6_head_row
cet2016-p050-r28-c1,cub,cet6_head_row
cet2016-p050-r32-c1,cuisine,cet6_head_row
cet2016-p050-r33-c1,culminate,cet6_head_row
cet2016-p050-r33-c2,culmination,cet6_head_row
cet2016-p050-r34-c1,cult,cet6_head_row
cet2016-p050-r37-c1,cumulative,cet6_head_row
cet2016-p050-r38-c1,cunning,cet6_head_row
cet2016-p051-r01-c1,curfew,cet6_head_row
cet2016-p051-r08-c1,curtail,cet6_head_row
cet2016-p051-r12-c1,custody,cet6_head_row
cet2016-p051-r20-c1,cylinder,cet6_head_row
cet2016-p051-r21-c1,cynical,cet6_head_row
cet2016-p051-r21-c2,cynicism,cet6_head_row
cet2016-p051-r34-c1,dart,cet6_head_row
cet2016-p052-r02-c1,dazzle,cet6_head_row
cet2016-p052-r05-c1,deadlock,cet6_head_row
cet2016-p052-r14-c1,debris,cet6_head_row
cet2016-p052-r16-c1,debut,cet6_head_row
cet2016-p052-r23-c1,decimal,cet6_head_row
cet2016-p052-r29-c1,decree,cet6_head_row
cet2016-p052-r30-c1,dedicate,cet6_head_row
cet2016-p052-r30-c2,dedication,cet6_head_row
cet2016-p052-r31-c1,deduce,cet6_head_row
cet2016-p052-r31-c2,deducible,cet6_head_row
cet2016-p052-r32-c1,deduct,cet6_head_row
cet2016-p052-r32-c2,deduction,cet6_head_row
cet2016-p052-r32-c3,deductive,cet6_head_row
cet2016-p052-r32-c4,deductible,cet6_head_row
cet2016-p052-r37-c1,default,cet6_head_row
cet2016-p052-r42-c1,defer,cet6_head_row
cet2016-p053-r06-c1,degenerate,cet6_head_row
cet2016-p053-r06-c2,degeneration,cet6_head_row
cet2016-p053-r07-c1,degrade,cet6_head_row
cet2016-p053-r07-c2,degradation,cet6_head_row
cet2016-p053-r13-c1,delicacy,cet6_head_row
cet2016-p053-r18-c1,delude,cet6_head_row
cet2016-p053-r18-c2,delusion,cet6_head_row
cet2016-p053-r21-c1,demographic,cet6_head_row
cet2016-p053-r23-c1,denote,cet6_head_row
cet2016-p053-r23-c2,denotation,cet6_head_row
cet2016-p053-r24-c1,denounce,cet6_head_row
cet2016-p053-r24-c2,denunciation,cet6_head_row
cet2016-p053-r33-c1,depict,cet6_head_row
cet2016-p053-r33-c2,depiction,cet6_head_row
cet2016-p053-r34-c1,deplete,cet6_head_row
cet2016-p053-r34-c2,depletion,cet6_head_row
cet2016-p053-r35-c1,deplore,cet6_head_row
cet2016-p053-r36-c1,deploy,cet6_head_row
cet2016-p053-r36-c2,deployment,cet6_head_row
cet2016-p053-r37-c1,deport,cet6_head_row
cet2016-p053-r37-c2,deportation,cet6_head_row
cet2016-p053-r39-c1,depot,cet6_head_row
cet2016-p053-r40-c1,depreciate,cet6_head_row
cet2016-p053-r40-c2,depreciation,cet6_head_row
cet2016-p054-r03-c1,derail,cet6_head_row
cet2016-p054-r03-c2,derailment,cet6_head_row
cet2016-p054-r04-c1,deregulate,cet6_head_row
cet2016-p054-r04-c2,deregulation,cet6_head_row
cet2016-p054-r12-c1,designate,cet6_head_row
cet2016-p054-r12-c2,designation,cet6_head_row
cet2016-p054-r16-c1,desolate,cet6_head_row
cet2016-p054-r19-c1,despise,cet6_head_row
cet2016-p054-r23-c1,destiny,cet6_head_row
cet2016-p054-r23-c2,destined,cet6_head_row
cet2016-p054-r25-c1,detach,cet6_head_row
cet2016-p054-r25-c2,detached,cet6_head_row
cet2016-p054-r25-c3,detachment,cet6_head_row
cet2016-p054-r27-c1,detain,cet6_head_row
cet2016-p054-r27-c2,detention,cet6_head_row
cet2016-p054-r29-c1,deter,cet6_head_row
cet2016-p054-r29-c2,deterrent,cet6_head_row
cet2016-p054-r30-c1,detergent,cet6_head_row
cet2016-p054-r33-c1,detriment,cet6_head_row
cet2016-p054-r33-c2,detrimental,cet6_head_row
cet2016-p054-r34-c1,devastate,cet6_head_row
cet2016-p054-r34-c2,devastating,cet6_head_row
cet2016-p054-r34-c3,devastation,cet6_head_row
cet2016-p054-r36-c1,deviate,cet6_head_row
cet2016-p054-r36-c2,deviation,cet6_head_row
cet2016-p054-r41-c1,devour,cet6_head_row
cet2016-p055-r13-c1,diesel,cet6_head_row
cet2016-p055-r16-c1,differentiate,cet6_head_row
cet2016-p055-r16-c2,differentiation,cet6_head_row
cet2016-p055-r18-c1,diffuse,cet6_head_row
cet2016-p055-r18-c2,diffusion,cet6_head_row
cet2016-p055-r25-c1,dilute,cet6_head_row
cet2016-p055-r25-c2,dilution,cet6_head_row
cet2016-p055-r29-c1,diminish,cet6_head_row
cet2016-p055-r32-c1,dinosaur,cet6_head_row
cet2016-p055-r38-c1,directory,cet6_head_row
cet2016-p056-r03-c1,disarm,cet6_head_row
cet2016-p056-r03-c2,disarmament,cet6_head_row
cet2016-p056-r06-c1,discern,cet6_head_row
cet2016-p056-r09-c1,disclose,cet6_head_row
cet2016-p056-r09-c2,disclosure,cet6_head_row
cet2016-p056-r11-c1,discord,cet6_head_row
cet2016-p056-r14-c1,discourse,cet6_head_row
cet2016-p056-r16-c1,discreet,cet6_head_row
cet2016-p056-r17-c1,discrepancy,cet6_head_row
cet2016-p056-r27-c1,dismantle,cet6_head_row
cet2016-p056-r28-c1,dismay,cet6_head_row
cet2016-p056-r31-c1,dispatch/despatch,cet6_head_row
cet2016-p056-r32-c1,dispense,cet6_head_row
cet2016-p056-r33-c1,disperse,cet6_head_row
cet2016-p056-r34-c1,displace,cet6_head_row
cet2016-p056-r34-c2,displacement,cet6_head_row
cet2016-p056-r37-c1,disposition,cet6_head_row
cet2016-p056-r39-c1,disregard,cet6_head_row
cet2016-p056-r41-c1,dissent,cet6_head_row
cet2016-p056-r42-c1,dissertation,cet6_head_row
cet2016-p057-r01-c1,dissident,cet6_head_row
cet2016-p057-r04-c1,distil(l),cet6_head_row
cet2016-p057-r07-c1,distort,cet6_head_row
cet2016-p057-r07-c2,distortion,cet6_head_row
cet2016-p057-r16-c1,divert,cet6_head_row
cet2016-p057-r16-c2,diversion,cet6_head_row
cet2016-p057-r18-c1,dividend,cet6_head_row
cet2016-p057-r19-c1,divine,cet6_head_row
cet2016-p057-r25-c1,doctrine,cet6_head_row
cet2016-p057-r27-c1,dodge,cet6_head_row
cet2016-p057-r29-c1,dogma,cet6_head_row
cet2016-p057-r30-c1,dole,cet6_head_row
cet2016-p057-r34-c1,domain,cet6_head_row
cet2016-p057-r35-c1,dome,cet6_head_row
cet2016-p058-r05-c1,dough,cet6_head_row
cet2016-p058-r08-c1,downgrade,cet6_head_row
cet2016-p058-r13-c1,doze,cet6_head_row
cet2016-p058-r22-c1,drawback,cet6_head_row
cet2016-p058-r24-c1,dread,cet6_head_row
cet2016-p058-r24-c2,dreadful,cet6_head_row
cet2016-p058-r27-c1,dressing,cet6_head_row
cet2016-p058-r42-c1,dub,cet6_head_row
cet2016-p059-r01-c1,dubious,cet6_head_row
cet2016-p059-r07-c1,duplicate,cet6_head_row
cet2016-p059-r07-c2,duplication,cet6_head_row
cet2016-p059-r14-c1,dwarf,cet6_head_row
cet2016-p059-r15-c1,dwell,cet6_head_row
cet2016-p059-r15-c2,dweller,cet6_head_row
cet2016-p059-r15-c3,dwelling,cet6_head_row
cet2016-p059-r30-c1,Easter,cet6_head_row
cet2016-p059-r34-c1,eccentric,cet6_head_row
cet2016-p059-r36-c1,eclipse,cet6_head_row
cet2016-p059-r40-c1,ecosystem,cet6_head_row
cet2016-p059-r42-c1,edible,cet6_head_row
cet2016-p060-r09-c1,ego,cet6_head_row
cet2016-p060-r09-c2,egoism,cet6_head_row
cet2016-p060-r09-c3,egoist,cet6_head_row
cet2016-p060-r15-c1,eject,cet6_head_row
cet2016-p060-r15-c2,ejection,cet6_head_row
cet2016-p060-r16-c1,elaborate,cet6_head_row
cet2016-p060-r16-c2,elaboration,cet6_head_row
cet2016-p060-r17-c1,elapse,cet6_head_row
cet2016-p060-r18-c1,elastic,cet6_head_row
cet2016-p060-r18-c2,elasticity,cet6_head_row
cet2016-p060-r22-c1,electoral,cet6_head_row
cet2016-p060-r22-c2,electorate,cet6_head_row
cet2016-p060-r31-c1,elicit,cet6_head_row
cet2016-p060-r32-c1,eligible,cet6_head_row
cet2016-p060-r32-c2,eligibility,cet6_head_row
cet2016-p060-r35-c1,eloquent,cet6_head_row
cet2016-p060-r35-c2,eloquence,cet6_head_row
cet2016-p060-r39-c1,emancipate,cet6_head_row
cet2016-p060-r39-c2,emancipation,cet6_head_row
cet2016-p060-r40-c1,embargo,cet6_head_row
cet2016-p060-r41-c1,embark,cet6_head_row
cet2016-p061-r02-c1,embed,cet6_head_row
cet2016-p061-r03-c1,embody,cet6_head_row
cet2016-p061-r03-c2,embodiment,cet6_head_row
cet2016-p061-r05-c1,embroidery,cet6_head_row
cet2016-p061-r08-c1,emigrate,cet6_head_row
cet2016-p061-r08-c2,emigration,cet6_head_row
cet2016-p061-r08-c3,emigrant,cet6_head_row
cet2016-p061-r09-c1,eminent,cet6_head_row
cet2016-p061-r09-c2,eminence,cet6_head_row
cet2016-p061-r15-c1,empirical,cet6_head_row
cet2016-p061-r18-c1,emulate,cet6_head_row
cet2016-p061-r18-c2,emulation,cet6_head_row
cet2016-p061-r20-c1,enact,cet6_head_row
cet2016-p061-r20-c2,enactment,cet6_head_row
cet2016-p061-r21-c1,enclose,cet6_head_row
cet2016-p061-r21-c2,enclosure,cet6_head_row
cet2016-p061-r24-c1,encyclop(a)edia,cet6_head_row
cet2016-p061-r27-c1,endeavo(u)r,cet6_head_row
cet2016-p061-r28-c1,endorse,cet6_head_row
cet2016-p061-r28-c2,endorsement,cet6_head_row
cet2016-p061-r29-c1,endow,cet6_head_row
cet2016-p061-r29-c2,endowment,cet6_head_row
cet2016-p061-r41-c1,enlist,cet6_head_row
cet2016-p062-r05-c1,ensue,cet6_head_row
cet2016-p062-r07-c1,entail,cet6_head_row
cet2016-p062-r14-c1,entity,cet6_head_row
cet2016-p062-r16-c1,entrust,cet6_head_row
cet2016-p062-r17-c1,envelop,cet6_head_row
cet2016-p062-r20-c1,envisage,cet6_head_row
cet2016-p062-r21-c1,envoy,cet6_head_row
cet2016-p062-r23-c1,epic,cet6_head_row
cet2016-p062-r24-c1,epidemic,cet6_head_row
cet2016-p062-r26-c1,epoch,cet6_head_row
cet2016-p062-r28-c1,equate,cet6_head_row
cet2016-p062-r28-c2,equation,cet6_head_row
cet2016-p062-r29-c1,equator,cet6_head_row
cet2016-p062-r31-c1,equity,cet6_head_row
cet2016-p062-r31-c2,equitable,cet6_head_row
cet2016-p062-r34-c1,eradicate,cet6_head_row
cet2016-p062-r34-c2,eradication,cet6_head_row
cet2016-p062-r36-c1,erect,cet6_head_row
cet2016-p062-r36-c2,erection,cet6_head_row
cet2016-p062-r37-c1,erode,cet6_head_row
cet2016-p062-r37-c2,erosion,cet6_head_row
cet2016-p062-r37-c3,erosive,cet6_head_row
cet2016-p062-r39-c1,errand,cet6_head_row
cet2016-p062-r40-c1,erupt,cet6_head_row
cet2016-p062-r40-c2,eruption,cet6_head_row
cet2016-p062-r41-c1,escalate,cet6_head_row
cet2016-p062-r41-c2,escalation,cet6_head_row
cet2016-p062-r41-c3,escalator,cet6_head_row
cet2016-p063-r01-c1,escort,cet6_head_row
cet2016-p063-r07-c1,esteem,cet6_head_row
cet2016-p063-r08-c1,esthetic/aesthetic,cet6_head_row
cet2016-p063-r08-c2,esthetics/aesthetics,cet6_head_row
cet2016-p063-r13-c1,etiquette,cet6_head_row
cet2016-p063-r15-c1,evacuate,cet6_head_row
cet2016-p063-r15-c2,evacuation,cet6_head_row
cet2016-p063-r16-c1,evade,cet6_head_row
cet2016-p063-r16-c2,evasive,cet6_head_row
cet2016-p063-r16-c3,evasion,cet6_head_row
cet2016-p063-r18-c1,evaporate,cet6_head_row
cet2016-p063-r18-c2,evaporation,cet6_head_row
cet2016-p063-r33-c1,evoke,cet6_head_row
cet2016-p064-r02-c1,excerpt,cet6_head_row
cet2016-p064-r11-c1,exempt,cet6_head_row
cet2016-p064-r11-c2,exemption,cet6_head_row
cet2016-p064-r19-c1,exotic,cet6_head_row
cet2016-p064-r22-c1,expedition,cet6_head_row
cet2016-p064-r30-c1,expire,cet6_head_row
cet2016-p064-r30-c2,expiration,cet6_head_row
cet2016-p064-r36-c1,exponent,cet6_head_row
cet2016-p064-r39-c1,exposition,cet6_head_row
cet2016-p064-r42-c1,exquisite,cet6_head_row
cet2016-p065-r05-c1,extinct,cet6_head_row
cet2016-p065-r05-c2,extinction,cet6_head_row
cet2016-p065-r08-c1,extract,cet6_head_row
cet2016-p065-r08-c2,extraction,cet6_head_row
cet2016-p065-r10-c1,extravagant,cet6_head_row
cet2016-p065-r10-c2,extravagance,cet6_head_row
cet2016-p065-r17-c1,fabricate,cet6_head_row
cet2016-p065-r17-c2,fabrication,cet6_head_row
cet2016-p065-r18-c1,fabulous,cet6_head_row
cet2016-p065-r20-c1,facet,cet6_head_row
cet2016-p065-r23-c1,faction,cet6_head_row
cet2016-p066-r09-c1,fascist,cet6_head_row
cet2016-p066-r09-c2,fascism,cet6_head_row
cet2016-p066-r23-c1,feast,cet6_head_row
cet2016-p066-r24-c1,feat,cet6_head_row
cet2016-p066-r31-c1,feeble,cet6_head_row
cet2016-p066-r37-c1,feminine,cet6_head_row
cet2016-p066-r37-c2,feminism,cet6_head_row
cet2016-p066-r37-c3,feminist,cet6_head_row
cet2016-p067-r24-c1,finite,cet6_head_row
cet2016-p067-r32-c1,fiscal,cet6_head_row
cet2016-p067-r40-c1,flank,cet6_head_row
cet2016-p067-r41-c1,flap,cet6_head_row
cet2016-p067-r42-c1,flare,cet6_head_row
cet2016-p068-r04-c1,flatter,cet6_head_row
cet2016-p068-r04-c2,flattery,cet6_head_row
cet2016-p068-r11-c1,fling,cet6_head_row
cet2016-p068-r12-c1,flip,cet6_head_row
cet2016-p068-r13-c1,flirt,cet6_head_row
cet2016-p068-r13-c2,flirtation,cet6_head_row
cet2016-p068-r25-c1,flush,cet6_head_row
cet2016-p068-r26-c1,flutter,cet6_head_row
cet2016-p068-r29-c1,foam,cet6_head_row
cet2016-p068-r31-c1,foe,cet6_head_row
cet2016-p068-r33-c1,foil,cet6_head_row
cet2016-p068-r36-c1,folklore,cet6_head_row
cet2016-p069-r12-c1,foretell,cet6_head_row
cet2016-p069-r14-c1,forfeit,cet6_head_row
cet2016-p069-r23-c1,formidable,cet6_head_row
cet2016-p069-r26-c1,fort,cet6_head_row
cet2016-p069-r29-c1,fortify,cet6_head_row
cet2016-p069-r29-c2,fortification,cet6_head_row
cet2016-p069-r30-c1,fortnight,cet6_head_row
cet2016-p069-r36-c1,foster,cet6_head_row
cet2016-p069-r37-c1,foul,cet6_head_row
cet2016-p070-r03-c1,fracture,cet6_head_row
cet2016-p070-r04-c1,fragile,cet6_head_row
cet2016-p070-r04-c2,fragility,cet6_head_row
cet2016-p070-r06-c1,fragrant,cet6_head_row
cet2016-p070-r06-c2,fragrance,cet6_head_row
cet2016-p070-r09-c1,franchise,cet6_head_row
cet2016-p070-r11-c1,frantic,cet6_head_row
cet2016-p070-r11-c2,frantically,cet6_head_row
cet2016-p070-r12-c1,fraud,cet6_head_row
cet2016-p070-r12-c2,fraudulent,cet6_head_row
cet2016-p070-r20-c1,friction,cet6_head_row
cet2016-p070-r24-c1,fringe,cet6_head_row
cet2016-p070-r30-c1,frown,cet6_head_row
cet2016-p071-r07-c1,fury,cet6_head_row
cet2016-p071-r07-c2,furious,cet6_head_row
cet2016-p071-r08-c1,fuse,cet6_head_row
cet2016-p071-r09-c1,fusion,cet6_head_row
cet2016-p071-r11-c1,futile,cet6_head_row
cet2016-p071-r11-c2,futility,cet6_head_row
cet2016-p071-r15-c1,galaxy,cet6_head_row
cet2016-p071-r26-c1,garlic,cet6_head_row
cet2016-p071-r30-c1,gasp,cet6_head_row
cet2016-p071-r33-c1,gauge,cet6_head_row
cet2016-p072-r02-c1,genre,cet6_head_row
cet2016-p072-r15-c1,giggle,cet6_head_row
cet2016-p072-r19-c1,glacier,cet6_head_row
cet2016-p072-r21-c1,glamo(u)r,cet6_head_row
cet2016-p072-r21-c2,glamo(u)rous,cet6_head_row
cet2016-p072-r23-c1,gland,cet6_head_row
cet2016-p072-r24-c1,glare,cet6_head_row
cet2016-p072-r26-c1,gleam,cet6_head_row
cet2016-p072-r27-c1,glide,cet6_head_row
cet2016-p072-r27-c2,glider,cet6_head_row
cet2016-p072-r29-c1,glitter,cet6_head_row
cet2016-p072-r33-c1,glossary,cet6_head_row
cet2016-p073-r06-c1,gorge,cet6_head_row
cet2016-p073-r08-c1,gospel,cet6_head_row
cet2016-p073-r34-c1,graze,cet6_head_row
cet2016-p073-r35-c1,grease,cet6_head_row
cet2016-p073-r35-c2,greasy,cet6_head_row
cet2016-p073-r37-c1,greed,cet6_head_row
cet2016-p073-r37-c2,greedy,cet6_head_row
cet2016-p073-r41-c1,grid,cet6_head_row
cet2016-p074-r01-c1,grill,cet6_head_row
cet2016-p074-r02-c1,grim,cet6_head_row
cet2016-p074-r06-c1,groan,cet6_head_row
cet2016-p074-r08-c1,groove,cet6_head_row
cet2016-p074-r09-c1,grope,cet6_head_row
cet2016-p074-r42-c1,hamper,cet6_head_row
cet2016-p075-r04-c1,handicraft,cet6_head_row
cet2016-p075-r12-c1,harass,cet6_head_row
cet2016-p075-r12-c2,harassment,cet6_head_row
cet2016-p075-r18-c1,hardy,cet6_head_row
cet2016-p075-r31-c1,haven,cet6_head_row
cet2016-p075-r32-c1,havoc,cet6_head_row
cet2016-p075-r33-c1,hawk,cet6_head_row
cet2016-p076-r09-c1,heave,cet6_head_row
cet2016-p076-r13-c1,hectic,cet6_head_row
cet2016-p076-r21-c1,helmet,cet6_head_row
cet2016-p076-r23-c1,hemisphere,cet6_head_row
cet2016-p076-r26-c1,henceforth,cet6_head_row
cet2016-p076-r28-c1,herald,cet6_head_row
cet2016-p076-r29-c1,herb,cet6_head_row
cet2016-p076-r29-c2,herbal,cet6_head_row
cet2016-p076-r35-c1,heroin,cet6_head_row
cet2016-p076-r40-c1,hibernate,cet6_head_row
cet2016-p076-r40-c2,hibernation,cet6_head_row
cet2016-p076-r42-c1,hierarchy,cet6_head_row
cet2016-p076-r42-c2,hierarchical,cet6_head_row
cet2016-p077-r06-c1,hike,cet6_head_row
cet2016-p077-r11-c1,hinge,cet6_head_row
cet2016-p077-r18-c1,hitherto,cet6_head_row
cet2016-p077-r19-c1,hive,cet6_head_row
cet2016-p077-r21-c1,hockey,cet6_head_row
cet2016-p077-r22-c1,hoist,cet6_head_row
cet2016-p077-r31-c1,homogeneous,cet6_head_row
cet2016-p077-r38-c1,hop,cet6_head_row
cet2016-p078-r03-c1,hose,cet6_head_row
cet2016-p078-r08-c1,hostage,cet6_head_row
cet2016-p078-r13-c1,hound,cet6_head_row
cet2016-p078-r19-c1,hover,cet6_head_row
cet2016-p078-r22-c1,howl,cet6_head_row
cet2016-p078-r23-c1,huddle,cet6_head_row
cet2016-p078-r26-c1,hum,cet6_head_row
cet2016-p078-r28-c1,humane,cet6_head_row
cet2016-p078-r28-c2,humanism,cet6_head_row
cet2016-p078-r28-c3,humanist,cet6_head_row
cet2016-p078-r28-c4,humanitarian,cet6_head_row
cet2016-p078-r30-c1,humid,cet6_head_row
cet2016-p078-r30-c2,humidity,cet6_head_row
cet2016-p078-r31-c1,humiliate,cet6_head_row
cet2016-p078-r31-c2,humiliation,cet6_head_row
cet2016-p078-r36-c1,hurdle,cet6_head_row
cet2016-p078-r37-c1,hurl,cet6_head_row
cet2016-p078-r38-c1,hurricane,cet6_head_row
cet2016-p079-r01-c1,hybrid,cet6_head_row
cet2016-p079-r03-c1,hygiene,cet6_head_row
cet2016-p079-r03-c2,hygienic,cet6_head_row
cet2016-p079-r05-c1,hypocrisy,cet6_head_row
cet2016-p079-r05-c2,hypocritical,cet6_head_row
cet2016-p079-r05-c3,hypocrite,cet6_head_row
cet2016-p079-r06-c1,hypothesis,cet6_head_row
cet2016-p079-r06-c2,hypothetical,cet6_head_row
cet2016-p079-r07-c1,hysterical,cet6_head_row
cet2016-p079-r07-c2,hysteria,cet6_head_row
cet2016-p079-r10-c1,iceberg,cet6_head_row
cet2016-p079-r12-c1,icon,cet6_head_row
cet2016-p079-r17-c1,ideology,cet6_head_row
cet2016-p079-r17-c2,ideological,cet6_head_row
cet2016-p079-r19-c1,idiot,cet6_head_row
cet2016-p079-r19-c2,idiotic,cet6_head_row
cet2016-p079-r21-c1,idol,cet6_head_row
cet2016-p079-r23-c1,ignite,cet6_head_row
cet2016-p079-r23-c2,ignition,cet6_head_row
cet2016-p079-r28-c1,illicit,cet6_head_row
cet2016-p079-r29-c1,illiterate,cet6_head_row
cet2016-p079-r29-c2,illiteracy,cet6_head_row
cet2016-p079-r30-c1,illuminate,cet6_head_row
cet2016-p079-r30-c2,illumination,cet6_head_row
cet2016-p079-r38-c1,immerse,cet6_head_row
cet2016-p079-r38-c2,immersion,cet6_head_row
cet2016-p079-r40-c1,imminent,cet6_head_row
cet2016-p080-r01-c1,impair,cet6_head_row
cet2016-p080-r02-c1,impart,cet6_head_row
cet2016-p080-r04-c1,imperative,cet6_head_row
cet2016-p080-r06-c1,impetus,cet6_head_row
cet2016-p080-r16-c1,imprison,cet6_head_row
cet2016-p080-r16-c2,imprisonment,cet6_head_row
cet2016-p080-r17-c1,impromptu,cet6_head_row
cet2016-p080-r21-c1,inaugurate,cet6_head_row
cet2016-p080-r21-c2,inauguration,cet6_head_row
cet2016-p080-r22-c1,inborn,cet6_head_row
cet2016-p080-r30-c1,incorporate,cet6_head_row
cet2016-p080-r30-c2,incorporation,cet6_head_row
cet2016-p080-r33-c1,incumbent,cet6_head_row
cet2016-p080-r34-c1,incur,cet6_head_row
cet2016-p080-r35-c1,indebted,cet6_head_row
cet2016-p080-r37-c1,indefinite,cet6_head_row
cet2016-p080-r41-c1,indict,cet6_head_row
cet2016-p080-r41-c2,indictment,cet6_head_row
cet2016-p081-r01-c1,indigenous,cet6_head_row
cet2016-p081-r02-c1,indignant,cet6_head_row
cet2016-p081-r02-c2,indignation,cet6_head_row
cet2016-p081-r07-c1,indulge,cet6_head_row
cet2016-p081-r07-c2,indulgence,cet6_head_row
cet2016-p081-r07-c3,indulgent,cet6_head_row
cet2016-p081-r09-c1,inertia,cet6_head_row
cet2016-p081-r17-c1,inflict,cet6_head_row
cet2016-p081-r17-c2,infliction,cet6_head_row
cet2016-p081-r22-c1,infringe,cet6_head_row
cet2016-p081-r22-c2,infringement,cet6_head_row
cet2016-p081-r23-c1,ingenious,cet6_head_row
cet2016-p081-r23-c2,ingenuity,cet6_head_row
cet2016-p081-r26-c1,inherent,cet6_head_row
cet2016-p081-r28-c1,inhibit,cet6_head_row
cet2016-p081-r28-c2,inhibition,cet6_head_row
cet2016-p081-r31-c1,inject,cet6_head_row
cet2016-p081-r31-c2,injection,cet6_head_row
cet2016-p081-r35-c1,inmate,cet6_head_row
cet2016-p081-r40-c1,innumerable,cet6_head_row
cet2016-p082-r19-c1,insulate,cet6_head_row
cet2016-p082-r19-c2,insulation,cet6_head_row
cet2016-p082-r19-c3,insulator,cet6_head_row
cet2016-p082-r25-c1,integral,cet6_head_row
cet2016-p082-r28-c1,intellect,cet6_head_row
cet2016-p082-r31-c1,intelligible,cet6_head_row
cet2016-p082-r36-c1,intercourse,cet6_head_row
cet2016-p082-r39-c1,interim,cet6_head_row
cet2016-p082-r42-c1,intermittent,cet6_head_row
cet2016-p083-r05-c1,interrogate,cet6_head_row
cet2016-p083-r05-c2,interrogation,cet6_head_row
cet2016-p083-r08-c1,intervene,cet6_head_row
cet2016-p083-r08-c2,intervention,cet6_head_row
cet2016-p083-r11-c1,intimidate,cet6_head_row
cet2016-p083-r11-c2,intimidation,cet6_head_row
cet2016-p083-r13-c1,intricate,cet6_head_row
cet2016-p083-r13-c2,intricacy,cet6_head_row
cet2016-p083-r14-c1,intrigue,cet6_head_row
cet2016-p083-r15-c1,intrinsic,cet6_head_row
cet2016-p083-r15-c2,intrinsically,cet6_head_row
cet2016-p083-r18-c1,intuition,cet6_head_row
cet2016-p083-r18-c2,intuitive,cet6_head_row
cet2016-p083-r20-c1,invalid,cet6_head_row
cet2016-p083-r25-c1,inventory,cet6_head_row
cet2016-p083-r26-c1,invert,cet6_head_row
cet2016-p083-r26-c2,inversion,cet6_head_row
cet2016-p083-r37-c1,irrespective,cet6_head_row
cet2016-p083-r39-c1,irritate,cet6_head_row
cet2016-p083-r39-c2,irritation,cet6_head_row
cet2016-p083-r39-c3,irritating,cet6_head_row
cet2016-p083-r39-c4,irritable,cet6_head_row
cet2016-p083-r41-c1,isle,cet6_head_row
cet2016-p084-r06-c1,ivory,cet6_head_row
cet2016-p084-r07-c1,jack,cet6_head_row
cet2016-p084-r15-c1,jargon,cet6_head_row
cet2016-p084-r21-c1,jelly,cet6_head_row
cet2016-p084-r22-c1,jeopardize/-ise,cet6_head_row
cet2016-p084-r22-c2,jeopardy,cet6_head_row
cet2016-p084-r23-c1,jerk,cet6_head_row
cet2016-p084-r28-c1,jockey,cet6_head_row
cet2016-p084-r33-c1,jolly,cet6_head_row
cet2016-p084-r39-c1,judicial,cet6_head_row
cet2016-p084-r40-c1,judiciary,cet6_head_row
cet2016-p085-r02-c1,junction,cet6_head_row
cet2016-p085-r07-c1,jurisdiction,cet6_head_row
cet2016-p085-r13-c1,juvenile,cet6_head_row
cet2016-p085-r21-c1,kidnap,cet6_head_row
cet2016-p085-r22-c1,kidney,cet6_head_row
cet2016-p085-r38-c1,knight,cet6_head_row
cet2016-p085-r40-c1,knob,cet6_head_row
cet2016-p086-r08-c1,lad,cet6_head_row
cet2016-p086-r18-c1,landmark,cet6_head_row
cet2016-p086-r26-c1,lash,cet6_head_row
cet2016-p086-r31-c1,latitude,cet6_head_row
cet2016-p086-r37-c1,lavish,cet6_head_row
cet2016-p086-r40-c1,lawsuit,cet6_head_row
cet2016-p087-r02-c1,layman,cet6_head_row
cet2016-p087-r09-c1,leaflet,cet6_head_row
cet2016-p087-r22-c1,legacy,cet6_head_row
cet2016-p087-r26-c1,legitimate,cet6_head_row
cet2016-p087-r26-c2,legitimacy,cet6_head_row
cet2016-p087-r30-c1,lenient,cet6_head_row
cet2016-p087-r30-c2,leniency,cet6_head_row
cet2016-p087-r32-c1,lesbian,cet6_head_row
cet2016-p087-r39-c1,lever,cet6_head_row
cet2016-p087-r39-c2,leverage,cet6_head_row
cet2016-p087-r40-c1,levy,cet6_head_row
cet2016-p088-r09-c1,lieutenant,cet6_head_row
cet2016-p088-r20-c1,lime,cet6_head_row
cet2016-p088-r21-c1,limelight,cet6_head_row
cet2016-p088-r23-c1,limp,cet6_head_row
cet2016-p088-r25-c1,linen,cet6_head_row
cet2016-p088-r26-c1,liner,cet6_head_row
cet2016-p088-r27-c1,linger,cet6_head_row
cet2016-p088-r28-c1,linguistic,cet6_head_row
cet2016-p088-r28-c2,linguistics,cet6_head_row
cet2016-p088-r32-c1,lipstick,cet6_head_row
cet2016-p089-r05-c1,livestock,cet6_head_row
cet2016-p089-r14-c1,locomotive,cet6_head_row
cet2016-p089-r16-c1,lofty,cet6_head_row
cet2016-p089-r19-c1,logistics,cet6_head_row
cet2016-p089-r19-c2,logistic(al),cet6_head_row
cet2016-p089-r24-c1,longevity,cet6_head_row
cet2016-p089-r25-c1,longitude,cet6_head_row
cet2016-p089-r25-c2,longitudinal,cet6_head_row
cet2016-p089-r27-c1,loom,cet6_head_row
cet2016-p089-r28-c1,loop,cet6_head_row
cet2016-p089-r31-c1,loot,cet6_head_row
cet2016-p089-r36-c1,lotion,cet6_head_row
cet2016-p089-r37-c1,lottery,cet6_head_row
cet2016-p089-r39-c1,lounge,cet6_head_row
cet2016-p090-r01-c1,lubricate,cet6_head_row
cet2016-p090-r01-c2,lubrication,cet6_head_row
cet2016-p090-r03-c1,lucrative,cet6_head_row
cet2016-p090-r05-c1,luminous,cet6_head_row
cet2016-p090-r10-c1,lure,cet6_head_row
cet2016-p090-r12-c1,lyric,cet6_head_row
cet2016-p090-r12-c2,lyrical,cet6_head_row
cet2016-p090-r18-c1,magistrate,cet6_head_row
cet2016-p090-r21-c1,magnify,cet6_head_row
cet2016-p090-r22-c1,magnitude,cet6_head_row
cet2016-p090-r30-c1,majesty,cet6_head_row
cet2016-p090-r30-c2,majestic,cet6_head_row
cet2016-p090-r35-c1,malice,cet6_head_row
cet2016-p090-r35-c2,malicious,cet6_head_row
cet2016-p090-r36-c1,malignant,cet6_head_row
cet2016-p090-r38-c1,malpractice,cet6_head_row
cet2016-p090-r42-c1,mandate,cet6_head_row
cet2016-p090-r42-c2,mandatory,cet6_head_row
cet2016-p091-r01-c1,maneuver/manoeuvre,cet6_head_row
cet2016-p091-r02-c1,manifest,cet6_head_row
cet2016-p091-r02-c2,manifestation,cet6_head_row
cet2016-p091-r06-c1,mansion,cet6_head_row
cet2016-p091-r09-c1,manuscript,cet6_head_row
cet2016-p091-r12-c1,mar,cet6_head_row
cet2016-p091-r14-c1,marble,cet6_head_row
cet2016-p091-r19-c1,maritime,cet6_head_row
cet2016-p091-r25-c1,martyr,cet6_head_row
cet2016-p091-r25-c2,martyrdom,cet6_head_row
cet2016-p091-r28-c1,masculine,cet6_head_row
cet2016-p091-r28-c2,masculinity,cet6_head_row
cet2016-p091-r31-c1,massacre,cet6_head_row
cet2016-p091-r39-c1,maternal,cet6_head_row
cet2016-p091-r39-c2,maternity,cet6_head_row
cet2016-p092-r07-c1,meadow,cet6_head_row
cet2016-p092-r20-c1,mediate,cet6_head_row
cet2016-p092-r20-c2,mediation,cet6_head_row
cet2016-p092-r20-c3,mediator,cet6_head_row
cet2016-p092-r23-c1,medication,cet6_head_row
cet2016-p092-r25-c1,medieval,cet6_head_row
cet2016-p092-r29-c1,melody,cet6_head_row
cet2016-p092-r29-c2,melodious,cet6_head_row
cet2016-p092-r36-c1,menace,cet6_head_row
cet2016-p092-r40-c1,mentor,cet6_head_row
cet2016-p092-r42-c1,merchandise,cet6_head_row
cet2016-p093-r02-c1,mercury,cet6_head_row
cet2016-p093-r05-c1,merge,cet6_head_row
cet2016-p093-r05-c2,merger,cet6_head_row
cet2016-p093-r10-c1,metabolism,cet6_head_row
cet2016-p093-r10-c2,metabolic,cet6_head_row
cet2016-p093-r12-c1,metaphor,cet6_head_row
cet2016-p093-r12-c2,metaphorical,cet6_head_row
cet2016-p093-r15-c1,meticulous,cet6_head_row
cet2016-p093-r17-c1,metropolitan,cet6_head_row
cet2016-p093-r25-c1,midst,cet6_head_row
cet2016-p093-r26-c1,midwife,cet6_head_row
cet2016-p093-r31-c1,milestone,cet6_head_row
cet2016-p093-r32-c1,militant,cet6_head_row
cet2016-p093-r32-c2,militancy,cet6_head_row
cet2016-p093-r34-c1,militia,cet6_head_row
cet2016-p093-r40-c1,mindset,cet6_head_row
cet2016-p094-r02-c1,mingle,cet6_head_row
cet2016-p094-r03-c1,miniature,cet6_head_row
cet2016-p094-r07-c1,mint,cet6_head_row
cet2016-p094-r21-c1,missionary,cet6_head_row
cet2016-p094-r28-c1,moan,cet6_head_row
cet2016-p094-r30-c1,mobilize/-ise,cet6_head_row
cet2016-p094-r31-c1,mock,cet6_head_row
cet2016-p094-r40-c1,molecule,cet6_head_row
cet2016-p094-r40-c2,molecular,cet6_head_row
cet2016-p095-r01-c1,momentum,cet6_head_row
cet2016-p095-r01-c2,momentous,cet6_head_row
cet2016-p095-r02-c1,monarchy,cet6_head_row
cet2016-p095-r02-c2,monarch,cet6_head_row
cet2016-p095-r07-c1,monopoly,cet6_head_row
cet2016-p095-r07-c2,monopolize/-ise,cet6_head_row
cet2016-p095-r08-c1,monotony,cet6_head_row
cet2016-p095-r08-c2,monotonous,cet6_head_row
cet2016-p095-r16-c1,morale,cet6_head_row
cet2016-p095-r20-c1,mortal,cet6_head_row
cet2016-p095-r20-c2,mortality,cet6_head_row
cet2016-p095-r22-c1,mosquito,cet6_head_row
cet2016-p095-r34-c1,mourn,cet6_head_row
cet2016-p095-r34-c2,mourning,cet6_head_row
cet2016-p095-r39-c1,mow,cet6_head_row
cet2016-p096-r02-c1,multilateral,cet6_head_row
cet2016-p096-r04-c1,multitude,cet6_head_row
cet2016-p096-r07-c1,murmur,cet6_head_row
cet2016-p096-r13-c1,mute,cet6_head_row
cet2016-p096-r14-c1,mutter,cet6_head_row
cet2016-p096-r21-c1,naive,cet6_head_row
cet2016-p096-r21-c2,naivety,cet6_head_row
cet2016-p096-r35-c1,navigate,cet6_head_row
cet2016-p096-r35-c2,navigation,cet6_head_row
cet2016-p097-r06-c1,negligent,cet6_head_row
cet2016-p097-r06-c2,negligence,cet6_head_row
cet2016-p097-r07-c1,negligible,cet6_head_row
cet2016-p097-r25-c1,nickname,cet6_head_row
cet2016-p097-r29-c1,nil,cet6_head_row
cet2016-p097-r34-c1,nitrogen,cet6_head_row
cet2016-p097-r40-c1,nominal,cet6_head_row
cet2016-p097-r41-c1,nominate,cet6_head_row
cet2016-p097-r41-c2,nomination,cet6_head_row
cet2016-p097-r41-c3,nominee,cet6_head_row
cet2016-p098-r01-c1,nonetheless,cet6_head_row
cet2016-p098-r15-c1,noteworthy,cet6_head_row
cet2016-p098-r20-c1,notorious,cet6_head_row
cet2016-p098-r20-c2,notoriety,cet6_head_row
cet2016-p098-r21-c1,notwithstanding,cet6_head_row
cet2016-p098-r33-c1,numb,cet6_head_row
cet2016-p098-r35-c1,numerical,cet6_head_row
cet2016-p098-r39-c1,nurture,cet6_head_row
cet2016-p098-r42-c1,oak,cet6_head_row
cet2016-p099-r01-c1,oar,cet6_head_row
cet2016-p099-r02-c1,oath,cet6_head_row
cet2016-p099-r09-c1,obscene,cet6_head_row
cet2016-p099-r09-c2,obscenity,cet6_head_row
cet2016-p099-r10-c1,obscure,cet6_head_row
cet2016-p099-r10-c2,obscurity,cet6_head_row
cet2016-p099-r11-c1,observatory,cet6_head_row
cet2016-p099-r13-c1,obsess,cet6_head_row
cet2016-p099-r13-c2,obsession,cet6_head_row
cet2016-p099-r13-c3,obsessive,cet6_head_row
cet2016-p099-r15-c1,obstruct,cet6_head_row
cet2016-p099-r15-c2,obstruction,cet6_head_row
cet2016-p099-r35-c1,offset,cet6_head_row
cet2016-p099-r36-c1,offspring,cet6_head_row
cet2016-p099-r42-c1,olive,cet6_head_row
cet2016-p100-r11-c1,onset,cet6_head_row
cet2016-p100-r14-c1,opaque,cet6_head_row
cet2016-p100-r18-c1,operative,cet6_head_row
cet2016-p100-r23-c1,oppress,cet6_head_row
cet2016-p100-r23-c2,oppression,cet6_head_row
cet2016-p100-r23-c3,oppressive,cet6_head_row
cet2016-p100-r25-c1,optic,cet6_head_row
cet2016-p100-r25-c2,optical,cet6_head_row
cet2016-p100-r27-c1,optimum,cet6_head_row
cet2016-p100-r27-c2,optimal,cet6_head_row
cet2016-p100-r33-c1,ordeal,cet6_head_row
cet2016-p101-r04-c1,orthodox,cet6_head_row
cet2016-p101-r18-c1,outfit,cet6_head_row
cet2016-p101-r21-c1,outlaw,cet6_head_row
cet2016-p101-r26-c1,outrage,cet6_head_row
cet2016-p101-r26-c2,outrageous,cet6_head_row
cet2016-p101-r39-c1,overflow,cet6_head_row
cet2016-p101-r40-c1,overhaul,cet6_head_row
cet2016-p102-r01-c1,overlap,cet6_head_row
cet2016-p102-r04-c1,override,cet6_head_row
cet2016-p102-r08-c1,overstate,cet6_head_row
cet2016-p102-r09-c1,overt,cet6_head_row
cet2016-p102-r13-c1,overturn,cet6_head_row
cet2016-p102-r16-c1,owl,cet6_head_row
cet2016-p102-r19-c1,oxide,cet6_head_row
cet2016-p102-r26-c1,pact,cet6_head_row
cet2016-p102-r36-c1,pamphlet,cet6_head_row
cet2016-p102-r41-c1,panorama,cet6_head_row
cet2016-p102-r41-c2,panoramic,cet6_head_row
cet2016-p102-r42-c1,pant,cet6_head_row
cet2016-p103-r04-c1,parachute,cet6_head_row
cet2016-p103-r06-c1,paradigm,cet6_head_row
cet2016-p103-r07-c1,paradise,cet6_head_row
cet2016-p103-r11-c1,paralyze/-yse,cet6_head_row
cet2016-p103-r11-c2,paralysis,cet6_head_row
cet2016-p103-r12-c1,parameter,cet6_head_row
cet2016-p103-r13-c1,parasite,cet6_head_row
cet2016-p103-r17-c1,parish,cet6_head_row
cet2016-p103-r21-c1,parole,cet6_head_row
cet2016-p103-r22-c1,parrot,cet6_head_row
cet2016-p103-r27-c1,partisan,cet6_head_row
cet2016-p103-r28-c1,partition,cet6_head_row
cet2016-p103-r35-c1,passerby,cet6_head_row
cet2016-p103-r41-c1,pasta,cet6_head_row
cet2016-p104-r02-c1,pastry,cet6_head_row
cet2016-p104-r03-c1,pasture,cet6_head_row
cet2016-p104-r08-c1,pathetic,cet6_head_row
cet2016-p104-r11-c1,patriot,cet6_head_row
cet2016-p104-r11-c2,patriotic,cet6_head_row
cet2016-p104-r11-c3,patriotism,cet6_head_row
cet2016-p104-r12-c1,patrol,cet6_head_row
cet2016-p104-r13-c1,patron,cet6_head_row
cet2016-p104-r13-c2,patronize/-ise,cet6_head_row
cet2016-p104-r13-c3,patronage,cet6_head_row
cet2016-p104-r28-c1,peck,cet6_head_row
cet2016-p104-r30-c1,pedal,cet6_head_row
cet2016-p104-r31-c1,peddle,cet6_head_row
cet2016-p104-r33-c1,peel,cet6_head_row
cet2016-p104-r34-c1,peep,cet6_head_row
cet2016-p104-r36-c1,peg,cet6_head_row
cet2016-p104-r40-c1,pending,cet6_head_row
cet2016-p104-r41-c1,pendulum,cet6_head_row
cet2016-p105-r01-c1,penguin,cet6_head_row
cet2016-p105-r02-c1,peninsula,cet6_head_row
cet2016-p105-r10-c1,perch,cet6_head_row
cet2016-p105-r13-c1,perfume,cet6_head_row
cet2016-p105-r17-c1,perish,cet6_head_row
cet2016-p105-r19-c1,permeate,cet6_head_row
cet2016-p105-r19-c2,permeation,cet6_head_row
cet2016-p105-r21-c1,perpetual,cet6_head_row
cet2016-p105-r21-c2,perpetuate,cet6_head_row
cet2016-p105-r22-c1,perplex,cet6_head_row
cet2016-p105-r22-c2,perplexity,cet6_head_row
cet2016-p105-r23-c1,persecute,cet6_head_row
cet2016-p105-r23-c2,persecution,cet6_head_row
cet2016-p105-r31-c1,pest,cet6_head_row
cet2016-p105-r32-c1,pesticide,cet6_head_row
cet2016-p105-r34-c1,petition,cet6_head_row
cet2016-p105-r34-c2,petitioner,cet6_head_row
cet2016-p105-r35-c1,petrochemical,cet6_head_row
cet2016-p105-r39-c1,pharmacy,cet6_head_row
cet2016-p105-r39-c2,pharmaceutical,cet6_head_row
cet2016-p106-r06-c1,physiological,cet6_head_row
cet2016-p106-r17-c1,pilgrim,cet6_head_row
cet2016-p106-r17-c2,pilgrimage,cet6_head_row
cet2016-p106-r38-c1,plaintiff,cet6_head_row
cet2016-p107-r03-c1,plateau,cet6_head_row
cet2016-p107-r05-c1,plausible,cet6_head_row
cet2016-p107-r08-c1,plaza,cet6_head_row
cet2016-p107-r09-c1,plea,cet6_head_row
cet2016-p107-r10-c1,plead,cet6_head_row
cet2016-p107-r14-c1,plight,cet6_head_row
cet2016-p107-r18-c1,plumber,cet6_head_row
cet2016-p107-r19-c1,plumbing,cet6_head_row
cet2016-p107-r28-c1,poise,cet6_head_row
cet2016-p107-r28-c2,poised,cet6_head_row
cet2016-p107-r30-c1,poke,cet6_head_row
cet2016-p107-r39-c1,polytechnic,cet6_head_row
cet2016-p107-r41-c1,ponder,cet6_head_row
cet2016-p108-r05-c1,porcelain,cet6_head_row
cet2016-p108-r06-c1,porch,cet6_head_row
cet2016-p108-r08-c1,porridge,cet6_head_row
cet2016-p108-r10-c1,portfolio,cet6_head_row
cet2016-p108-r12-c1,portray,cet6_head_row
cet2016-p108-r12-c2,portrayal,cet6_head_row
cet2016-p108-r12-c3,portrait,cet6_head_row
cet2016-p108-r25-c1,potent,cet6_head_row
cet2016-p108-r27-c1,pottery,cet6_head_row
cet2016-p108-r28-c1,poultry,cet6_head_row
cet2016-p108-r36-c1,practitioner,cet6_head_row
cet2016-p108-r41-c1,precede,cet6_head_row
cet2016-p108-r41-c2,preceding,cet6_head_row
cet2016-p108-r41-c3,precedent,cet6_head_row
cet2016-p109-r02-c1,predator,cet6_head_row
cet2016-p109-r02-c2,predatory,cet6_head_row
cet2016-p109-r03-c1,predecessor,cet6_head_row
cet2016-p109-r05-c1,predominate,cet6_head_row
cet2016-p109-r05-c2,predominance,cet6_head_row
cet2016-p109-r05-c3,predominant,cet6_head_row
cet2016-p109-r11-c1,premature,cet6_head_row
cet2016-p109-r13-c1,premise,cet6_head_row
cet2016-p109-r14-c1,premium,cet6_head_row
cet2016-p109-r15-c1,preoccupy,cet6_head_row
cet2016-p109-r15-c2,preoccupied,cet6_head_row
cet2016-p109-r18-c1,prerequisite,cet6_head_row
cet2016-p109-r24-c1,preside,cet6_head_row
cet2016-p109-r28-c1,prestige,cet6_head_row
cet2016-p109-r28-c2,prestigious,cet6_head_row
cet2016-p109-r29-c1,presume,cet6_head_row
cet2016-p109-r29-c2,presumption,cet6_head_row
cet2016-p109-r29-c3,presumably,cet6_head_row
cet2016-p109-r31-c1,pretext,cet6_head_row
cet2016-p109-r37-c1,prey,cet6_head_row
cet2016-p110-r12-c1,probe,cet6_head_row
cet2016-p110-r24-c1,profile,cet6_head_row
cet2016-p110-r32-c1,prolong,cet6_head_row
cet2016-p110-r37-c1,prone,cet6_head_row
cet2016-p110-r41-c1,proofread,cet6_head_row
cet2016-p110-r42-c1,prop,cet6_head_row
cet2016-p111-r01-c1,propaganda,cet6_head_row
cet2016-p111-r02-c1,propagate,cet6_head_row
cet2016-p111-r02-c2,propagation,cet6_head_row
cet2016-p111-r03-c1,propel,cet6_head_row
cet2016-p111-r03-c2,propeller,cet6_head_row
cet2016-p111-r09-c1,prosecute,cet6_head_row
cet2016-p111-r09-c2,prosecution,cet6_head_row
cet2016-p111-r11-c1,prosper,cet6_head_row
cet2016-p111-r11-c2,prosperity,cet6_head_row
cet2016-p111-r11-c3,prosperous,cet6_head_row
cet2016-p111-r15-c1,protocol,cet6_head_row
cet2016-p111-r16-c1,prototype,cet6_head_row
cet2016-p111-r23-c1,proximate,cet6_head_row
cet2016-p111-r23-c2,proximity,cet6_head_row
cet2016-p111-r24-c1,psychiatry,cet6_head_row
cet2016-p111-r24-c2,psychiatric,cet6_head_row
cet2016-p111-r24-c3,psychiatrist,cet6_head_row
cet2016-p111-r29-c1,pudding,cet6_head_row
cet2016-p111-r33-c1,pumpkin,cet6_head_row
cet2016-p112-r05-c1,pyramid,cet6_head_row
cet2016-p112-r12-c1,quart,cet6_head_row
cet2016-p112-r15-c1,query,cet6_head_row
cet2016-p112-r16-c1,quest,cet6_head_row
cet2016-p112-r23-c1,quiver,cet6_head_row
cet2016-p112-r32-c1,radiate,cet6_head_row
cet2016-p112-r32-c2,radiation,cet6_head_row
cet2016-p112-r32-c3,radiator,cet6_head_row
cet2016-p112-r32-c4,radiant,cet6_head_row
cet2016-p112-r35-c1,radioactive,cet6_head_row
cet2016-p112-r35-c2,radioactivity,cet6_head_row
cet2016-p113-r04-c1,ranch,cet6_head_row
cet2016-p113-r05-c1,random,cet6_head_row
cet2016-p113-r08-c1,rap,cet6_head_row
cet2016-p113-r09-c1,rape,cet6_head_row
cet2016-p113-r12-c1,rash,cet6_head_row
cet2016-p113-r16-c1,ratify,cet6_head_row
cet2016-p113-r16-c2,ratification,cet6_head_row
cet2016-p113-r18-c1,ration,cet6_head_row
cet2016-p113-r20-c1,rattle,cet6_head_row
cet2016-p113-r34-c1,reassure,cet6_head_row
cet2016-p113-r34-c2,reassurance,cet6_head_row
cet2016-p113-r37-c1,recede,cet6_head_row
cet2016-p113-r42-c1,recipe,cet6_head_row
cet2016-p114-r01-c1,reciprocal,cet6_head_row
cet2016-p114-r03-c1,reckless,cet6_head_row
cet2016-p114-r07-c1,reconcile,cet6_head_row
cet2016-p114-r07-c2,reconciliation,cet6_head_row
cet2016-p114-r07-c3,reconciliatory,cet6_head_row
cet2016-p114-r12-c1,rectify,cet6_head_row
cet2016-p114-r12-c2,rectification,cet6_head_row
cet2016-p114-r13-c1,recur,cet6_head_row
cet2016-p114-r13-c2,recurrence,cet6_head_row
cet2016-p114-r17-c1,redundant,cet6_head_row
cet2016-p114-r17-c2,redundancy,cet6_head_row
cet2016-p114-r18-c1,reel,cet6_head_row
cet2016-p114-r20-c1,referee,cet6_head_row
cet2016-p114-r21-c1,referendum,cet6_head_row
cet2016-p114-r29-c1,refuge,cet6_head_row
cet2016-p114-r29-c2,refugee,cet6_head_row
cet2016-p114-r30-c1,refund,cet6_head_row
cet2016-p114-r32-c1,refute,cet6_head_row
cet2016-p114-r32-c2,refutation,cet6_head_row
cet2016-p114-r36-c1,regime,cet6_head_row
cet2016-p114-r37-c1,regiment,cet6_head_row
cet2016-p114-r37-c2,regimental,cet6_head_row
cet2016-p115-r01-c1,rehabilitate,cet6_head_row
cet2016-p115-r01-c2,rehabilitation,cet6_head_row
cet2016-p115-r02-c1,rehearse,cet6_head_row
cet2016-p115-r02-c2,rehearsal,cet6_head_row
cet2016-p115-r03-c1,reign,cet6_head_row
cet2016-p115-r04-c1,rein,cet6_head_row
cet2016-p115-r07-c1,rejoice,cet6_head_row
cet2016-p115-r07-c2,rejoicing,cet6_head_row
cet2016-p115-r13-c1,relentless,cet6_head_row
cet2016-p115-r15-c1,relic,cet6_head_row
cet2016-p115-r18-c1,relish,cet6_head_row
cet2016-p115-r26-c1,reminiscent,cet6_head_row
cet2016-p115-r26-c2,reminiscence,cet6_head_row
cet2016-p115-r27-c1,remnant,cet6_head_row
cet2016-p115-r30-c1,renaissance,cet6_head_row
cet2016-p115-r34-c1,renown,cet6_head_row
cet2016-p115-r34-c2,renowned,cet6_head_row
cet2016-p115-r39-c1,repel,cet6_head_row
cet2016-p115-r40-c1,repertoire,cet6_head_row
cet2016-p116-r03-c1,repress,cet6_head_row
cet2016-p116-r03-c2,repression,cet6_head_row
cet2016-p116-r03-c3,repressive,cet6_head_row
cet2016-p116-r04-c1,reproach,cet6_head_row
cet2016-p116-r08-c1,repute,cet6_head_row
cet2016-p116-r08-c2,reputable,cet6_head_row
cet2016-p116-r16-c1,reservoir,cet6_head_row
cet2016-p116-r17-c1,reshuffle,cet6_head_row
cet2016-p116-r32-c1,restless,cet6_head_row
cet2016-p116-r41-c1,retaliate,cet6_head_row
cet2016-p116-r41-c2,retaliation,cet6_head_row
cet2016-p116-r42-c1,retarded,cet6_head_row
cet2016-p117-r03-c1,retort,cet6_head_row
cet2016-p117-r05-c1,retrieve,cet6_head_row
cet2016-p117-r05-c2,retrieval,cet6_head_row
cet2016-p117-r06-c1,retrospect,cet6_head_row
cet2016-p117-r06-c2,retrospective,cet6_head_row
cet2016-p117-r10-c1,revenge,cet6_head_row
cet2016-p117-r10-c2,revengeful,cet6_head_row
cet2016-p117-r15-c1,revive,cet6_head_row
cet2016-p117-r15-c2,revival,cet6_head_row
cet2016-p117-r16-c1,revolt,cet6_head_row
cet2016-p117-r20-c1,rhetoric,cet6_head_row
cet2016-p117-r20-c2,rhetorical,cet6_head_row
cet2016-p117-r29-c1,ridge,cet6_head_row
cet2016-p117-r32-c1,rig,cet6_head_row
cet2016-p117-r34-c1,rigid,cet6_head_row
cet2016-p117-r34-c2,rigidity,cet6_head_row
cet2016-p117-r35-c1,rigo(u)r,cet6_head_row
cet2016-p117-r35-c2,rigorous,cet6_head_row
cet2016-p117-r36-c1,rim,cet6_head_row
cet2016-p118-r01-c1,ritual,cet6_head_row
cet2016-p118-r09-c1,robust,cet6_head_row
cet2016-p118-r21-c1,rot,cet6_head_row
cet2016-p118-r21-c2,rotten,cet6_head_row
cet2016-p118-r22-c1,rotate,cet6_head_row
cet2016-p118-r22-c2,rotation,cet6_head_row
cet2016-p119-r01-c1,rust,cet6_head_row
cet2016-p119-r01-c2,rusty,cet6_head_row
cet2016-p119-r02-c1,ruthless,cet6_head_row
cet2016-p119-r04-c1,sacred,cet6_head_row
cet2016-p119-r07-c1,saddle,cet6_head_row
cet2016-p119-r09-c1,safeguard,cet6_head_row
cet2016-p119-r17-c1,salmon,cet6_head_row
cet2016-p119-r18-c1,salon,cet6_head_row
cet2016-p119-r20-c1,salute,cet6_head_row
cet2016-p119-r20-c2,salutation,cet6_head_row
cet2016-p119-r21-c1,salvage,cet6_head_row
cet2016-p119-r22-c1,salvation,cet6_head_row
cet2016-p119-r25-c1,sanction,cet6_head_row
cet2016-p119-r26-c1,sanctuary,cet6_head_row
cet2016-p119-r29-c1,sanitation,cet6_head_row
cet2016-p119-r29-c2,sanitary,cet6_head_row
cet2016-p119-r30-c1,sarcasm,cet6_head_row
cet2016-p119-r30-c2,sarcastic,cet6_head_row
cet2016-p119-r32-c1,satire,cet6_head_row
cet2016-p119-r32-c2,satirical,cet6_head_row
cet2016-p119-r32-c3,satirist,cet6_head_row
cet2016-p119-r34-c1,saturate,cet6_head_row
cet2016-p119-r34-c2,saturation,cet6_head_row
cet2016-p119-r38-c1,savage,cet6_head_row
cet2016-p120-r06-c1,scenario,cet6_head_row
cet2016-p120-r18-c1,scorn,cet6_head_row
cet2016-p120-r18-c2,scornful,cet6_head_row
cet2016-p120-r20-c1,scramble,cet6_head_row
cet2016-p120-r21-c1,scrap,cet6_head_row
cet2016-p120-r22-c1,scrape,cet6_head_row
cet2016-p120-r28-c1,scrub,cet6_head_row
cet2016-p120-r29-c1,scrutiny,cet6_head_row
cet2016-p120-r29-c2,scrutinize/-ise,cet6_head_row
cet2016-p120-r30-c1,sculpture,cet6_head_row
cet2016-p121-r02-c1,secular,cet6_head_row
cet2016-p121-r04-c1,seduce,cet6_head_row
cet2016-p121-r04-c2,seduction,cet6_head_row
cet2016-p121-r04-c3,seductive,cet6_head_row
cet2016-p121-r10-c1,segregate,cet6_head_row
cet2016-p121-r10-c2,segregation,cet6_head_row
cet2016-p121-r21-c1,sensation,cet6_head_row
cet2016-p121-r21-c2,sensational,cet6_head_row
cet2016-p121-r25-c1,sentiment,cet6_head_row
cet2016-p121-r25-c2,sentimental,cet6_head_row
cet2016-p121-r29-c1,sergeant,cet6_head_row
cet2016-p121-r30-c1,serial,cet6_head_row
cet2016-p122-r05-c1,shabby,cet6_head_row
cet2016-p122-r08-c1,shaft,cet6_head_row
cet2016-p122-r15-c1,shark,cet6_head_row
cet2016-p122-r17-c1,shatter,cet6_head_row
cet2016-p122-r27-c1,shepherd,cet6_head_row
cet2016-p122-r28-c1,shield,cet6_head_row
cet2016-p122-r32-c1,shipyard,cet6_head_row
cet2016-p123-r01-c1,shorthand,cet6_head_row
cet2016-p123-r07-c1,shove,cet6_head_row
cet2016-p123-r09-c1,showcase,cet6_head_row
cet2016-p123-r11-c1,shred,cet6_head_row
cet2016-p123-r12-c1,shrewd,cet6_head_row
cet2016-p123-r15-c1,shrub,cet6_head_row
cet2016-p123-r15-c2,shrubbery,cet6_head_row
cet2016-p123-r30-c1,signify,cet6_head_row
cet2016-p123-r37-c1,simulate,cet6_head_row
cet2016-p123-r37-c2,simulation,cet6_head_row
cet2016-p123-r38-c1,simultaneous,cet6_head_row
cet2016-p124-r03-c1,sinister,cet6_head_row
cet2016-p124-r18-c1,skeptical/sceptical,cet6_head_row
cet2016-p124-r18-c2,skeptic/sceptic,cet6_head_row
cet2016-p124-r18-c3,skepticism/scepticism,cet6_head_row
cet2016-p124-r22-c1,skim,cet6_head_row
cet2016-p124-r26-c1,skull,cet6_head_row
cet2016-p124-r30-c1,slack,cet6_head_row
cet2016-p124-r31-c1,slam,cet6_head_row
cet2016-p124-r33-c1,slash,cet6_head_row
cet2016-p124-r34-c1,slaughter,cet6_head_row
cet2016-p125-r04-c1,slot,cet6_head_row
cet2016-p125-r06-c1,slum,cet6_head_row
cet2016-p125-r07-c1,slump,cet6_head_row
cet2016-p125-r17-c1,smuggle,cet6_head_row
cet2016-p125-r17-c2,smuggling,cet6_head_row
cet2016-p125-r17-c3,smuggler,cet6_head_row
cet2016-p125-r19-c1,snail,cet6_head_row
cet2016-p125-r21-c1,snap,cet6_head_row
cet2016-p125-r22-c1,snatch,cet6_head_row
cet2016-p125-r23-c1,sneak,cet6_head_row
cet2016-p125-r24-c1,sniff,cet6_head_row
cet2016-p125-r25-c1,snob,cet6_head_row
cet2016-p125-r25-c2,snobbish,cet6_head_row
cet2016-p125-r31-c1,sob,cet6_head_row
cet2016-p125-r32-c1,sober/-re,cet6_head_row
cet2016-p125-r39-c1,socket,cet6_head_row
cet2016-p125-r41-c1,sodium,cet6_head_row
cet2016-p126-r08-c1,solicit,cet6_head_row
cet2016-p126-r08-c2,solicitor,cet6_head_row
cet2016-p126-r10-c1,solidarity,cet6_head_row
cet2016-p126-r11-c1,solitary,cet6_head_row
cet2016-p126-r11-c2,solitude,cet6_head_row
cet2016-p126-r12-c1,solo,cet6_head_row
cet2016-p126-r26-c1,soothe,cet6_head_row
cet2016-p126-r42-c1,sovereign,cet6_head_row
cet2016-p126-r42-c2,sovereignty,cet6_head_row
cet2016-p127-r05-c1,spaghetti,cet6_head_row
cet2016-p127-r11-c1,spear,cet6_head_row
cet2016-p127-r13-c1,specialty/speciality,cet6_head_row
cet2016-p127-r18-c1,spectacle,cet6_head_row
cet2016-p127-r18-c2,spectacular,cet6_head_row
cet2016-p127-r19-c1,spectator,cet6_head_row
cet2016-p127-r20-c1,spectrum,cet6_head_row
cet2016-p127-r27-c1,spice,cet6_head_row
cet2016-p127-r27-c2,spicy,cet6_head_row
cet2016-p127-r28-c1,spider,cet6_head_row
cet2016-p127-r31-c1,spine,cet6_head_row
cet2016-p127-r31-c2,spinal,cet6_head_row
cet2016-p127-r32-c1,spiral,cet6_head_row
cet2016-p127-r41-c1,sponge,cet6_head_row
cet2016-p127-r41-c2,spongy,cet6_head_row
cet2016-p128-r06-c1,spotlight,cet6_head_row
cet2016-p128-r08-c1,sprawl,cet6_head_row
cet2016-p128-r12-c1,sprinkle,cet6_head_row
cet2016-p128-r15-c1,squad,cet6_head_row
cet2016-p128-r18-c1,stab,cet6_head_row
cet2016-p128-r24-c1,stagger,cet6_head_row
cet2016-p128-r25-c1,stagnate,cet6_head_row
cet2016-p128-r25-c2,stagnation,cet6_head_row
cet2016-p128-r25-c3,stagnant,cet6_head_row
cet2016-p128-r31-c1,stalk,cet6_head_row
cet2016-p128-r32-c1,stall,cet6_head_row
cet2016-p128-r33-c1,stammer,cet6_head_row
cet2016-p128-r36-c1,stance,cet6_head_row
cet2016-p128-r39-c1,standby,cet6_head_row
cet2016-p128-r42-c1,staple,cet6_head_row
cet2016-p128-r42-c2,stapler,cet6_head_row
cet2016-p129-r03-c1,stark,cet6_head_row
cet2016-p129-r09-c1,static,cet6_head_row
cet2016-p129-r11-c1,stationery,cet6_head_row
cet2016-p129-r15-c1,statute,cet6_head_row
cet2016-p129-r15-c2,statutory,cet6_head_row
cet2016-p129-r27-c1,stereotype,cet6_head_row
cet2016-p129-r28-c1,stern,cet6_head_row
cet2016-p129-r29-c1,steward(ess),cet6_head_row
cet2016-p129-r33-c1,stifle,cet6_head_row
cet2016-p129-r34-c1,stigma,cet6_head_row
cet2016-p129-r39-c1,stipulate,cet6_head_row
cet2016-p129-r39-c2,stipulation,cet6_head_row
cet2016-p129-r41-c1,stitch,cet6_head_row
cet2016-p130-r05-c1,stoop,cet6_head_row
cet2016-p130-r12-c1,stout,cet6_head_row
cet2016-p130-r18-c1,strait,cet6_head_row
cet2016-p130-r19-c1,strand,cet6_head_row
cet2016-p130-r21-c1,strangle,cet6_head_row
cet2016-p130-r25-c1,stray,cet6_head_row
cet2016-p130-r26-c1,streak,cet6_head_row
cet2016-p130-r28-c1,streamline,cet6_head_row
cet2016-p130-r41-c1,stroll,cet6_head_row
cet2016-p131-r03-c1,stubborn,cet6_head_row
cet2016-p131-r08-c1,stumble,cet6_head_row
cet2016-p131-r09-c1,stump,cet6_head_row
cet2016-p131-r10-c1,stun,cet6_head_row
cet2016-p131-r10-c2,stunning,cet6_head_row
cet2016-p131-r12-c1,sturdy,cet6_head_row
cet2016-p131-r17-c1,submarine,cet6_head_row
cet2016-p131-r18-c1,submerge,cet6_head_row
cet2016-p131-r20-c1,subordinate,cet6_head_row
cet2016-p131-r20-c2,subordination,cet6_head_row
cet2016-p131-r21-c1,subscribe,cet6_head_row
cet2016-p131-r21-c2,subscription,cet6_head_row
cet2016-p131-r21-c3,subscriber,cet6_head_row
cet2016-p131-r23-c1,subsidy,cet6_head_row
cet2016-p131-r23-c2,subsidize/-ise,cet6_head_row
cet2016-p131-r24-c1,subsistence,cet6_head_row
cet2016-p131-r27-c1,subtle,cet6_head_row
cet2016-p131-r27-c2,subtlety,cet6_head_row
cet2016-p131-r36-c1,sue,cet6_head_row
cet2016-p131-r38-c1,suffice,cet6_head_row
cet2016-p131-r42-c1,suicide,cet6_head_row
cet2016-p131-r42-c2,suicidal,cet6_head_row
cet2016-p132-r04-c1,suite,cet6_head_row
cet2016-p132-r05-c1,sulfur/sulphur,cet6_head_row
cet2016-p132-r10-c1,summon,cet6_head_row
cet2016-p132-r20-c1,superintendent,cet6_head_row
cet2016-p132-r23-c1,superstition,cet6_head_row
cet2016-p132-r23-c2,superstitious,cet6_head_row
cet2016-p132-r30-c1,suppress,cet6_head_row
cet2016-p132-r30-c2,suppression,cet6_head_row
cet2016-p132-r30-c3,suppressive,cet6_head_row
cet2016-p132-r38-c1,surpass,cet6_head_row
cet2016-p133-r01-c1,surveillance,cet6_head_row
cet2016-p133-r04-c1,susceptible,cet6_head_row
cet2016-p133-r11-c1,swamp,cet6_head_row
cet2016-p133-r12-c1,swap,cet6_head_row
cet2016-p133-r26-c1,symmetry,cet6_head_row
cet2016-p133-r26-c2,symmetric(al),cet6_head_row
cet2016-p133-r28-c1,symphony,cet6_head_row
cet2016-p133-r29-c1,symposium,cet6_head_row
cet2016-p133-r31-c1,syndicate,cet6_head_row
cet2016-p133-r32-c1,syndrome,cet6_head_row
cet2016-p133-r33-c1,synonym,cet6_head_row
cet2016-p133-r34-c1,synthesis,cet6_head_row
cet2016-p133-r34-c2,synthetic,cet6_head_row
cet2016-p133-r34-c3,synthesize/-ise,cet6_head_row
cet2016-p133-r38-c1,taboo,cet6_head_row
cet2016-p133-r39-c1,tack,cet6_head_row
cet2016-p133-r41-c1,tact,cet6_head_row
cet2016-p133-r41-c2,tactful,cet6_head_row
cet2016-p133-r42-c1,tactic,cet6_head_row
cet2016-p134-r11-c1,tan,cet6_head_row
cet2016-p134-r13-c1,tangle,cet6_head_row
cet2016-p134-r15-c1,tanker,cet6_head_row
cet2016-p134-r19-c1,tariff,cet6_head_row
cet2016-p134-r29-c1,tease,cet6_head_row
cet2016-p135-r01-c1,temperament,cet6_head_row
cet2016-p135-r04-c1,tempo,cet6_head_row
cet2016-p135-r05-c1,temporal,cet6_head_row
cet2016-p135-r07-c1,tempt,cet6_head_row
cet2016-p135-r07-c2,temptation,cet6_head_row
cet2016-p135-r09-c1,tenant,cet6_head_row
cet2016-p135-r16-c1,tentative,cet6_head_row
cet2016-p135-r17-c1,tenure,cet6_head_row
cet2016-p135-r20-c1,terminate,cet6_head_row
cet2016-p135-r20-c2,termination,cet6_head_row
cet2016-p135-r21-c1,terrace,cet6_head_row
cet2016-p135-r22-c1,terrain,cet6_head_row
cet2016-p135-r27-c1,tertiary,cet6_head_row
cet2016-p135-r29-c1,testify,cet6_head_row
cet2016-p135-r30-c1,testimony,cet6_head_row
cet2016-p135-r34-c1,texture,cet6_head_row
cet2016-p136-r11-c1,thermal,cet6_head_row
cet2016-p136-r18-c1,thigh,cet6_head_row
cet2016-p136-r27-c1,thorn,cet6_head_row
cet2016-p136-r27-c2,thorny,cet6_head_row
cet2016-p136-r36-c1,threshold,cet6_head_row
cet2016-p136-r37-c1,thrift,cet6_head_row
cet2016-p136-r37-c2,thrifty,cet6_head_row
cet2016-p136-r38-c1,thrill,cet6_head_row
cet2016-p136-r38-c2,thriller,cet6_head_row
cet2016-p136-r41-c1,throne,cet6_head_row
cet2016-p137-r10-c1,tickle,cet6_head_row
cet2016-p137-r16-c1,tile,cet6_head_row
cet2016-p137-r18-c1,tilt,cet6_head_row
cet2016-p137-r21-c1,timid,cet6_head_row
cet2016-p137-r34-c1,toil,cet6_head_row
cet2016-p138-r08-c1,topple,cet6_head_row
cet2016-p138-r10-c1,tornado,cet6_head_row
cet2016-p138-r17-c1,tournament,cet6_head_row
cet2016-p138-r18-c1,tow,cet6_head_row
cet2016-p138-r23-c1,toxic,cet6_head_row
cet2016-p138-r27-c1,tract,cet6_head_row
cet2016-p138-r36-c1,trait,cet6_head_row
cet2016-p138-r38-c1,tranquil,cet6_head_row
cet2016-p138-r38-c2,tranquility,cet6_head_row
cet2016-p138-r40-c1,transcend,cet6_head_row
cet2016-p139-r02-c1,transient,cet6_head_row
cet2016-p139-r03-c1,transistor,cet6_head_row
cet2016-p139-r05-c1,transition,cet6_head_row
cet2016-p139-r05-c2,transitional,cet6_head_row
cet2016-p139-r13-c1,trauma,cet6_head_row
cet2016-p139-r13-c2,traumatic,cet6_head_row
cet2016-p139-r16-c1,tread,cet6_head_row
cet2016-p139-r18-c1,treasury,cet6_head_row
cet2016-p139-r18-c2,treasurer,cet6_head_row
cet2016-p139-r22-c1,trek,cet6_head_row
cet2016-p139-r25-c1,trench,cet6_head_row
cet2016-p139-r29-c1,tribe,cet6_head_row
cet2016-p139-r29-c2,tribal,cet6_head_row
cet2016-p139-r30-c1,tribune,cet6_head_row
cet2016-p139-r31-c1,tribute,cet6_head_row
cet2016-p139-r33-c1,trickle,cet6_head_row
cet2016-p139-r36-c1,trillion,cet6_head_row
cet2016-p139-r37-c1,trim,cet6_head_row
cet2016-p139-r41-c1,trivial,cet6_head_row
cet2016-p140-r02-c1,trophy,cet6_head_row
cet2016-p140-r03-c1,tropic,cet6_head_row
cet2016-p140-r03-c2,tropical,cet6_head_row
cet2016-p140-r08-c1,trumpet,cet6_head_row
cet2016-p140-r13-c1,tub,cet6_head_row
cet2016-p140-r15-c1,tuck,cet6_head_row
cet2016-p140-r17-c1,tug,cet6_head_row
cet2016-p140-r19-c1,tumble,cet6_head_row
cet2016-p140-r23-c1,turbulent,cet6_head_row
cet2016-p140-r23-c2,turbulence,cet6_head_row
cet2016-p140-r25-c1,turmoil,cet6_head_row
cet2016-p140-r27-c1,turnout,cet6_head_row
cet2016-p140-r28-c1,turnover,cet6_head_row
cet2016-p140-r29-c1,turtle,cet6_head_row
cet2016-p141-r01-c1,ultra,cet6_head_row
cet2016-p141-r03-c1,unanimous,cet6_head_row
cet2016-p141-r13-c1,underlie,cet6_head_row
cet2016-p141-r13-c2,underlying,cet6_head_row
cet2016-p141-r24-c1,unfold,cet6_head_row
cet2016-p141-r26-c1,unify,cet6_head_row
cet2016-p141-r26-c2,unification,cet6_head_row
cet2016-p141-r27-c1,unilateral,cet6_head_row
cet2016-p141-r34-c1,unleash,cet6_head_row
cet2016-p141-r36-c1,unprecedented,cet6_head_row
cet2016-p141-r38-c1,unveil,cet6_head_row
cet2016-p141-r42-c1,uphold,cet6_head_row
cet2016-p142-r05-c1,uprising,cet6_head_row
cet2016-p142-r10-c1,uranium,cet6_head_row
cet2016-p142-r14-c1,urine,cet6_head_row
cet2016-p142-r14-c2,urinate,cet6_head_row
cet2016-p142-r27-c1,vaccine,cet6_head_row
cet2016-p142-r27-c2,vaccinate,cet6_head_row
cet2016-p142-r27-c3,vaccination,cet6_head_row
cet2016-p142-r34-c1,valve,cet6_head_row
cet2016-p142-r42-c1,vegetation,cet6_head_row
cet2016-p143-r03-c1,vein,cet6_head_row
cet2016-p143-r04-c1,velocity,cet6_head_row
cet2016-p143-r05-c1,velvet,cet6_head_row
cet2016-p143-r07-c1,vent,cet6_head_row
cet2016-p143-r08-c1,ventilate,cet6_head_row
cet2016-p143-r08-c2,ventilation,cet6_head_row
cet2016-p143-r10-c1,venue,cet6_head_row
cet2016-p143-r12-c1,verdict,cet6_head_row
cet2016-p143-r13-c1,verge,cet6_head_row
cet2016-p143-r15-c1,versatile,cet6_head_row
cet2016-p143-r16-c1,verse,cet6_head_row
cet2016-p143-r22-c1,vest,cet6_head_row
cet2016-p143-r26-c1,viable,cet6_head_row
cet2016-p143-r27-c1,vibrate,cet6_head_row
cet2016-p143-r27-c2,vibration,cet6_head_row
cet2016-p143-r28-c1,vice,cet6_head_row
cet2016-p143-r29-c1,vicinity,cet6_head_row
cet2016-p143-r30-c1,vicious,cet6_head_row
cet2016-p143-r42-c1,virgin,cet6_head_row
cet2016-p143-r42-c2,virginity,cet6_head_row
cet2016-p144-r13-c1,vocal,cet6_head_row
cet2016-p144-r15-c1,vogue,cet6_head_row
cet2016-p144-r17-c1,void,cet6_head_row
cet2016-p144-r18-c1,volatile,cet6_head_row
cet2016-p144-r18-c2,volatility,cet6_head_row
cet2016-p144-r25-c1,voucher,cet6_head_row
cet2016-p144-r26-c1,vow,cet6_head_row
cet2016-p144-r28-c1,vulgar,cet6_head_row
cet2016-p144-r34-c1,waive,cet6_head_row
cet2016-p144-r34-c2,waiver,cet6_head_row
cet2016-p145-r01-c1,wardrobe,cet6_head_row
cet2016-p145-r07-c1,warrant,cet6_head_row
cet2016-p145-r08-c1,warranty,cet6_head_row
cet2016-p145-r17-c1,watt,cet6_head_row
cet2016-p145-r26-c1,weary,cet6_head_row
cet2016-p145-r26-c2,weariness,cet6_head_row
cet2016-p145-r33-c1,wedge,cet6_head_row
cet2016-p146-r10-c1,wharf,cet6_head_row
cet2016-p146-r16-c1,whereabouts,cet6_head_row
cet2016-p146-r18-c1,whereby,cet6_head_row
cet2016-p146-r23-c1,whirl,cet6_head_row
cet2016-p146-r30-c1,wholesale,cet6_head_row
cet2016-p146-r31-c1,wholesome,cet6_head_row
cet2016-p146-r35-c1,wicked,cet6_head_row
cet2016-p146-r39-c1,wield,cet6_head_row
cet2016-p147-r10-c1,wink,cet6_head_row
cet2016-p147-r17-c1,witch,cet6_head_row
cet2016-p147-r20-c1,wither,cet6_head_row
cet2016-p147-r21-c1,withhold,cet6_head_row
cet2016-p148-r08-c1,wrench,cet6_head_row
cet2016-p148-r09-c1,wrestle,cet6_head_row
cet2016-p148-r09-c2,wrestling,cet6_head_row
cet2016-p148-r10-c1,wretched,cet6_head_row
cet2016-p148-r16-c1,yacht,cet6_head_row
cet2016-p148-r18-c1,yawn,cet6_head_row
cet2016-p148-r20-c1,yearn,cet6_head_row
cet2016-p148-r20-c2,yearning,cet6_head_row
cet2016-p148-r36-c1,zeal,cet6_head_row
cet2016-p148-r36-c2,zealous,cet6_head_row
cet2016-p148-r38-c1,zigzag,cet6_head_row
cet2016-p148-r39-c1,zip,cet6_head_row
cet2016-p148-r39-c2,zipper,cet6_head_row
cet2016-p149-r01-c1,zoom,cet6_head_row
