field_path,observed_types,occurrences,non_null_occurrences
books[].word_details[],object,5166,5166
books[].word_details[].collocations,array,5166,5166
books[].word_details[].collocations[],object,5993,5993
books[].word_details[].collocations[].example,null,5993,0
books[].word_details[].collocations[].id,string,5993,5993
books[].word_details[].collocations[].meaning,string,5993,5993
books[].word_details[].collocations[].phrase,string,5993,5993
books[].word_details[].detail,object,5166,5166
books[].word_details[].detail.access_policy,object,5166,5166
books[].word_details[].detail.access_policy.allowed,boolean,5166,5166
books[].word_details[].detail.access_policy.code,null,5166,0
books[].word_details[].detail.access_policy.is_expired,boolean,5166,5166
books[].word_details[].detail.access_policy.message,null,5166,0
books[].word_details[].detail.access_policy.permission_type,string,5166,5166
books[].word_details[].detail.access_policy.reason,string,5166,5166
books[].word_details[].detail.content,object,5166,5166
books[].word_details[].detail.content_type,string,5166,5166
books[].word_details[].detail.content.analysis_seen_marks,array,5166,5166
books[].word_details[].detail.content.audio_url,string,5166,5166
books[].word_details[].detail.content.definitions,string,5166,5166
books[].word_details[].detail.content.etymology_markup,null|string,5166,4877
books[].word_details[].detail.content.id,string,5166,5166
books[].word_details[].detail.content.markup_links,array,5166,5166
books[].word_details[].detail.content.markup_links[],object,27266,27266
books[].word_details[].detail.content.markup_links[].target_id,string,27266,27266
books[].word_details[].detail.content.markup_links[].target_identifier,string,27266,27266
books[].word_details[].detail.content.markup_links[].target_type,string,27266,27266
books[].word_details[].detail.content.memory_markup,string,5166,5166
books[].word_details[].detail.content.pronunciation,string,5166,5166
books[].word_details[].detail.content.relations,array,5166,5166
books[].word_details[].detail.content.relations[],object,2073,2073
books[].word_details[].detail.content.relations[].relation_type,string,2073,2073
books[].word_details[].detail.content.relations[].words,array,2073,2073
books[].word_details[].detail.content.relations[].words[],object,2317,2317
books[].word_details[].detail.content.relations[].words[].display_text,string,2317,2317
books[].word_details[].detail.content.relations[].words[].id,string,2317,2317
books[].word_details[].detail.content.relations[].words[].meaning,string,2317,2317
books[].word_details[].detail.content.relations[].words[].spelling,string,2317,2317
books[].word_details[].detail.content.root_affix_accumulation,null|string,5166,1326
books[].word_details[].detail.content.root_affix_notes,string,5166,5166
books[].word_details[].detail.content.root_markups,array,5166,5166
books[].word_details[].detail.content.root_markups[],object,12813,12813
books[].word_details[].detail.content.root_markups[].id,string,12813,12813
books[].word_details[].detail.content.root_markups[].markup_links,array,12813,12813
books[].word_details[].detail.content.root_markups[].markup_links[],object,3065,3065
books[].word_details[].detail.content.root_markups[].markup_links[].target_id,string,3065,3065
books[].word_details[].detail.content.root_markups[].markup_links[].target_identifier,string,3065,3065
books[].word_details[].detail.content.root_markups[].markup_links[].target_type,string,3065,3065
books[].word_details[].detail.content.root_markups[].meaning,string,12813,12813
books[].word_details[].detail.content.root_markups[].memory_method,null|string,12813,6390
books[].word_details[].detail.content.root_markups[].root_type,string,12813,12813
books[].word_details[].detail.content.root_markups[].spelling,string,12813,12813
books[].word_details[].detail.content.sentence_zone,object,5166,5166
books[].word_details[].detail.content.sentence_zone.book_id,string,5166,5166
books[].word_details[].detail.content.sentence_zone.contract,object,5166,5166
books[].word_details[].detail.content.sentence_zone.contract.no_auto_fallback,boolean,5166,5166
books[].word_details[].detail.content.sentence_zone.contract.requires_membership,boolean,5166,5166
books[].word_details[].detail.content.sentence_zone.contract.source,string,5166,5166
books[].word_details[].detail.content.sentence_zone.exam_examples,array,5166,5166
books[].word_details[].detail.content.sentence_zone.exam_examples[],object,5163,5163
books[].word_details[].detail.content.sentence_zone.exam_examples[].difficulty_rationale,string,5163,5163
books[].word_details[].detail.content.sentence_zone.exam_examples[].exam_context,string,5163,5163
books[].word_details[].detail.content.sentence_zone.exam_examples[].id,string,5163,5163
books[].word_details[].detail.content.sentence_zone.exam_examples[].matched_surface,null|string,5163,3524
books[].word_details[].detail.content.sentence_zone.exam_examples[].sentence,string,5163,5163
books[].word_details[].detail.content.sentence_zone.exam_examples[].source,object,5163,5163
books[].word_details[].detail.content.sentence_zone.exam_examples[].source.exam_type,string,5163,5163
books[].word_details[].detail.content.sentence_zone.exam_examples[].source.paper,string,3524,3524
books[].word_details[].detail.content.sentence_zone.exam_examples[].source.section,string,3524,3524
books[].word_details[].detail.content.sentence_zone.exam_examples[].source.year,number,3524,3524
books[].word_details[].detail.content.sentence_zone.exam_examples[].target_word_analysis,string,5163,5163
books[].word_details[].detail.content.sentence_zone.exam_examples[].translation,string,5163,5163
books[].word_details[].detail.content.sentence_zone.examples,array,5166,5166
books[].word_details[].detail.content.sentence_zone.examples[],object,5148,5148
books[].word_details[].detail.content.sentence_zone.examples[].context_explanation,string,5148,5148
books[].word_details[].detail.content.sentence_zone.examples[].difficulty_rationale,string,5148,5148
books[].word_details[].detail.content.sentence_zone.examples[].id,string,5148,5148
books[].word_details[].detail.content.sentence_zone.examples[].matched_surface,string,5148,5148
books[].word_details[].detail.content.sentence_zone.examples[].sentence,string,5148,5148
books[].word_details[].detail.content.sentence_zone.examples[].translation,string,5148,5148
books[].word_details[].detail.content.sentence_zone.long_sentences,array,5166,5166
books[].word_details[].detail.content.sentence_zone.long_sentences[],object,5166,5166
books[].word_details[].detail.content.sentence_zone.long_sentences[].difficulty_band,null,5166,0
books[].word_details[].detail.content.sentence_zone.long_sentences[].id,string,5166,5166
books[].word_details[].detail.content.sentence_zone.long_sentences[].reader_parse,object,5166,5166
books[].word_details[].detail.content.sentence_zone.long_sentences[].reader_parse.sections,array,5166,5166
books[].word_details[].detail.content.sentence_zone.long_sentences[].reader_parse.sections[],object,18539,18539
books[].word_details[].detail.content.sentence_zone.long_sentences[].reader_parse.sections[].items,array,18539,18539
books[].word_details[].detail.content.sentence_zone.long_sentences[].reader_parse.sections[].items[],object,23773,23773
books[].word_details[].detail.content.sentence_zone.long_sentences[].reader_parse.sections[].items[].dimension,string,23773,23773
books[].word_details[].detail.content.sentence_zone.long_sentences[].reader_parse.sections[].items[].examples,array,3426,3426
books[].word_details[].detail.content.sentence_zone.long_sentences[].reader_parse.sections[].items[].examples[],array,3508,3508
books[].word_details[].detail.content.sentence_zone.long_sentences[].reader_parse.sections[].items[].examples[][],string,7016,7016
books[].word_details[].detail.content.sentence_zone.long_sentences[].reader_parse.sections[].items[].keyword,string,23773,23773
books[].word_details[].detail.content.sentence_zone.long_sentences[].reader_parse.sections[].items[].refs,array,23773,23773
books[].word_details[].detail.content.sentence_zone.long_sentences[].reader_parse.sections[].items[].refs[],number,26296,26296
books[].word_details[].detail.content.sentence_zone.long_sentences[].reader_parse.sections[].items[].text,string,23773,23773
books[].word_details[].detail.content.sentence_zone.long_sentences[].reader_parse.sections[].kind,string,18539,18539
books[].word_details[].detail.content.sentence_zone.long_sentences[].reader_parse.segments,array,5166,5166
books[].word_details[].detail.content.sentence_zone.long_sentences[].reader_parse.segments[],object,44932,44932
books[].word_details[].detail.content.sentence_zone.long_sentences[].reader_parse.segments[].gloss,string,39764,39764
books[].word_details[].detail.content.sentence_zone.long_sentences[].reader_parse.segments[].level,number,44928,44928
books[].word_details[].detail.content.sentence_zone.long_sentences[].reader_parse.segments[].role,string,39758,39758
books[].word_details[].detail.content.sentence_zone.long_sentences[].reader_parse.segments[].roleLabel,string,39761,39761
books[].word_details[].detail.content.sentence_zone.long_sentences[].reader_parse.segments[].spine,boolean,44928,44928
books[].word_details[].detail.content.sentence_zone.long_sentences[].reader_parse.segments[].text,string,44932,44932
books[].word_details[].detail.content.sentence_zone.long_sentences[].reader_parse.targetRef,number,5166,5166
books[].word_details[].detail.content.sentence_zone.long_sentences[].reader_parse.version,number,5166,5166
books[].word_details[].detail.content.sentence_zone.long_sentences[].sentence,string,5166,5166
books[].word_details[].detail.content.sentence_zone.long_sentences[].sentence_difficulty,string,5166,5166
books[].word_details[].detail.content.sentence_zone.long_sentences[].source_note,string,5166,5166
books[].word_details[].detail.content.sentence_zone.long_sentences[].target_sense,string,5166,5166
books[].word_details[].detail.content.sentence_zone.long_sentences[].target_word,string,5166,5166
books[].word_details[].detail.content.sentence_zone.long_sentences[].translation,string,5166,5166
books[].word_details[].detail.content.sentence_zone.status,string,5166,5166
books[].word_details[].detail.content.sentence_zone.word_id,string,5166,5166
books[].word_details[].detail.content.spelling,string,5166,5166
books[].word_details[].detail.content.vocabulary_id,null,5166,0
books[].word_details[].detail.protection,object,5166,5166
books[].word_details[].detail.protection.content_type,string,5166,5166
books[].word_details[].detail.protection.exposure_weight,number,5166,5166
books[].word_details[].detail.protection.hidden_prompt,null,5166,0
books[].word_details[].detail.protection.marker_type,string,5166,5166
books[].word_details[].detail.protection.marker_version,null,5166,0
books[].word_details[].detail.protection.trace_id,string,5166,5166
books[].word_details[].frequencies,array,5166,5166
books[].word_details[].frequencies[],object,4493,4493
books[].word_details[].frequencies[].exam_type,string,4493,4493
books[].word_details[].frequencies[].frequency_count,number,4493,4493
books[].word_details[].frequencies[].per_10k_words,number,4493,4493
books[].word_details[].sentence_zone,object,5166,5166
books[].word_details[].sentence_zone.book_id,string,5166,5166
books[].word_details[].sentence_zone.contract,object,5166,5166
books[].word_details[].sentence_zone.contract.no_auto_fallback,boolean,5166,5166
books[].word_details[].sentence_zone.contract.requires_membership,boolean,5166,5166
books[].word_details[].sentence_zone.contract.source,string,5166,5166
books[].word_details[].sentence_zone.exam_examples,array,5166,5166
books[].word_details[].sentence_zone.exam_examples[],object,5163,5163
books[].word_details[].sentence_zone.exam_examples[].difficulty_rationale,string,5163,5163
books[].word_details[].sentence_zone.exam_examples[].exam_context,string,5163,5163
books[].word_details[].sentence_zone.exam_examples[].id,string,5163,5163
books[].word_details[].sentence_zone.exam_examples[].matched_surface,null|string,5163,3524
books[].word_details[].sentence_zone.exam_examples[].sentence,string,5163,5163
books[].word_details[].sentence_zone.exam_examples[].source,object,5163,5163
books[].word_details[].sentence_zone.exam_examples[].source.exam_type,string,5163,5163
books[].word_details[].sentence_zone.exam_examples[].source.paper,string,3524,3524
books[].word_details[].sentence_zone.exam_examples[].source.section,string,3524,3524
books[].word_details[].sentence_zone.exam_examples[].source.year,number,3524,3524
books[].word_details[].sentence_zone.exam_examples[].target_word_analysis,string,5163,5163
books[].word_details[].sentence_zone.exam_examples[].translation,string,5163,5163
books[].word_details[].sentence_zone.examples,array,5166,5166
books[].word_details[].sentence_zone.examples[],object,5148,5148
books[].word_details[].sentence_zone.examples[].context_explanation,string,5148,5148
books[].word_details[].sentence_zone.examples[].difficulty_rationale,string,5148,5148
books[].word_details[].sentence_zone.examples[].id,string,5148,5148
books[].word_details[].sentence_zone.examples[].matched_surface,string,5148,5148
books[].word_details[].sentence_zone.examples[].sentence,string,5148,5148
books[].word_details[].sentence_zone.examples[].translation,string,5148,5148
books[].word_details[].sentence_zone.long_sentences,array,5166,5166
books[].word_details[].sentence_zone.long_sentences[],object,5166,5166
books[].word_details[].sentence_zone.long_sentences[].difficulty_band,null,5166,0
books[].word_details[].sentence_zone.long_sentences[].id,string,5166,5166
books[].word_details[].sentence_zone.long_sentences[].reader_parse,object,5166,5166
books[].word_details[].sentence_zone.long_sentences[].reader_parse.sections,array,5166,5166
books[].word_details[].sentence_zone.long_sentences[].reader_parse.sections[],object,18539,18539
books[].word_details[].sentence_zone.long_sentences[].reader_parse.sections[].items,array,18539,18539
books[].word_details[].sentence_zone.long_sentences[].reader_parse.sections[].items[],object,23773,23773
books[].word_details[].sentence_zone.long_sentences[].reader_parse.sections[].items[].dimension,string,23773,23773
books[].word_details[].sentence_zone.long_sentences[].reader_parse.sections[].items[].examples,array,3426,3426
books[].word_details[].sentence_zone.long_sentences[].reader_parse.sections[].items[].examples[],array,3508,3508
books[].word_details[].sentence_zone.long_sentences[].reader_parse.sections[].items[].examples[][],string,7016,7016
books[].word_details[].sentence_zone.long_sentences[].reader_parse.sections[].items[].keyword,string,23773,23773
books[].word_details[].sentence_zone.long_sentences[].reader_parse.sections[].items[].refs,array,23773,23773
books[].word_details[].sentence_zone.long_sentences[].reader_parse.sections[].items[].refs[],number,26296,26296
books[].word_details[].sentence_zone.long_sentences[].reader_parse.sections[].items[].text,string,23773,23773
books[].word_details[].sentence_zone.long_sentences[].reader_parse.sections[].kind,string,18539,18539
books[].word_details[].sentence_zone.long_sentences[].reader_parse.segments,array,5166,5166
books[].word_details[].sentence_zone.long_sentences[].reader_parse.segments[],object,44932,44932
books[].word_details[].sentence_zone.long_sentences[].reader_parse.segments[].gloss,string,39764,39764
books[].word_details[].sentence_zone.long_sentences[].reader_parse.segments[].level,number,44928,44928
books[].word_details[].sentence_zone.long_sentences[].reader_parse.segments[].role,string,39758,39758
books[].word_details[].sentence_zone.long_sentences[].reader_parse.segments[].roleLabel,string,39761,39761
books[].word_details[].sentence_zone.long_sentences[].reader_parse.segments[].spine,boolean,44928,44928
books[].word_details[].sentence_zone.long_sentences[].reader_parse.segments[].text,string,44932,44932
books[].word_details[].sentence_zone.long_sentences[].reader_parse.targetRef,number,5166,5166
books[].word_details[].sentence_zone.long_sentences[].reader_parse.version,number,5166,5166
books[].word_details[].sentence_zone.long_sentences[].sentence,string,5166,5166
books[].word_details[].sentence_zone.long_sentences[].sentence_difficulty,string,5166,5166
books[].word_details[].sentence_zone.long_sentences[].source_note,string,5166,5166
books[].word_details[].sentence_zone.long_sentences[].target_sense,string,5166,5166
books[].word_details[].sentence_zone.long_sentences[].target_word,string,5166,5166
books[].word_details[].sentence_zone.long_sentences[].translation,string,5166,5166
books[].word_details[].sentence_zone.status,string,5166,5166
books[].word_details[].sentence_zone.word_id,string,5166,5166
books[].word_details[].status,string,5166,5166
books[].word_details[].word_id,string,5166,5166
books[].word_index[],object,5166,5166
books[].word_index[].book_code,string,5166,5166
books[].word_index[].book_id,string,5166,5166
books[].word_index[].book_name,string,5166,5166
books[].word_index[].candidate_snapshot,object,5166,5166
books[].word_index[].candidate_snapshot.day_number,number,5166,5166
books[].word_index[].candidate_snapshot.definition_cn,string,5166,5166
books[].word_index[].candidate_snapshot.id,string,5166,5166
books[].word_index[].candidate_snapshot.memorized_count,number,5166,5166
books[].word_index[].candidate_snapshot.pronunciation,string,5166,5166
books[].word_index[].candidate_snapshot.reviewed,boolean,5166,5166
books[].word_index[].candidate_snapshot.reviewed_count,number,5166,5166
books[].word_index[].candidate_snapshot.spelling,string,5166,5166
books[].word_index[].candidate_snapshot.studied,boolean,5166,5166
books[].word_index[].candidate_snapshot.word_id,string,5166,5166
books[].word_index[].candidate_snapshot.word_order,number,5166,5166
books[].word_index[].day_id,string,5166,5166
books[].word_index[].day_number,number,5166,5166
books[].word_index[].definition_cn,string,5166,5166
books[].word_index[].id,string,5166,5166
books[].word_index[].is_completed,boolean,5166,5166
books[].word_index[].order_in_day,number,5166,5166
books[].word_index[].pronunciation,string,5166,5166
books[].word_index[].spelling,string,5166,5166
books[].word_index[].word_order,number,5166,5166
